No,학교명,본분교명,학교종류,학교유형,설립유형,지역명,"입학정원(학부)
(2025,명)","졸업생수(학부)
(2025,명)","전임교원수(학부+대학원)
(2025,명)","재학생(학부)
(2025,명)","신입생 경쟁률(학부)
(2025,:1)","신입생 충원율(학부)
(2025,%)","취업률(학부)
(2024,%)","외국인 학생 수(학부)
(2025,명)","전임교원 1인당 학생 수(학생정원기준)(학부+대학원)
(2025,명)","전임교원 확보율(학생정원기준)(학부+대학원)
(2025,%)","전임 교원 확보율(재학생 기준)(학부+대학원)
(2025,%)","전임교원 강의 담당 비율(학부)
(2025,%)","학생 1인당 연간 장학금(학부)
(2025,원)","연평균 등록금(학부)
(2025,천원)","학생 1인당 교육비(학부+대학원)
(2025,천원)","기숙사 수용율(학부+대학원)
(2024,%)","학생 1인당 도서 자료 수(학부+대학원)
(2024,권)"
1,ICT폴리텍대학,본교,전문대학,기능대학,사립,경기,160,132,18,260,2.1,83.8,76.9,2,17.78,112.5,138.46,83.5,"2,375,089.9","2,500.0","31,808.9",84.9,34.7
2,가야대학교(고령),제2캠퍼스,대학,대학교,사립,경북,0,0,0,0,0.0,0.0,0.0,0,0.0,0.0,0.0,0.0,0.0,0.0,0.0,0.0,0.0
3,가야대학교(김해),본교,대학,대학교,사립,경남,405,444,66,"1,610",5.2,95.1,76.2,12,31.02,68.04,80.49,72.2,"4,194,323.9","7,239.3","14,446.2",29.0,136.5
4,가천대학교,본교,대학,대학교,사립,경기,"4,071","4,684",995,"22,520",22.9,100.0,69.6,"4,996",19.64,105.18,79.28,58.4,"3,715,314.3","8,812.6","15,492.1",13.0,52.1
5,가톨릭관동대학교,본교,대학,대학교,사립,강원,"1,815","1,423",355,"5,229",4.9,82.7,64.6,157,22.7,94.16,124.56,76.9,"4,242,607.4","7,505.4","16,419.4",42.8,118.2
6,가톨릭꽃동네대학교,본교,대학,대학교,사립,충북,108,89,23,418,5.3,96.4,74.4,2,24.65,85.19,95.83,71.1,"5,111,042.0","7,506.3","19,806.3",44.1,143.3
7,가톨릭대학교,본교,대학,대학교,사립,경기,"1,574","1,439",257,"7,843",15.6,100.0,63.3,"1,665",30.93,72.39,57.37,55.9,"3,530,438.5","7,493.6","28,497.0",22.1,106.4
8,가톨릭대학교,제2캠퍼스,대학,대학교,사립,서울,173,101,"1,011",912,29.4,100.0,88.1,0,2.73,495.59,577.71,75.0,"3,957,854.0","9,728.3",0.0,10.5,0.0
9,가톨릭대학교,제3캠퍼스,대학,대학교,사립,서울,50,31,15,197,1.7,100.0,0.0,9,28.53,83.33,100.0,61.2,"5,957,574.0","6,450.0",0.0,102.7,0.0
10,가톨릭상지대학교,본교,전문대학,전문대학,사립,경북,516,635,51,"1,732",3.8,94.8,80.4,102,30.16,67.11,61.45,47.1,"4,054,755.8","5,932.2","13,611.8",32.6,60.0
11,감리교신학대학교,본교,대학,대학교,사립,서울,192,170,24,564,1.9,100.0,0.0,3,68.96,35.82,38.71,66.8,"5,182,411.3","6,820.9","11,094.4",24.9,195.5
12,강남대학교,본교,대학,대학교,사립,경기,"1,491","1,554",206,"6,522",8.4,100.0,62.2,485,33.34,68.67,67.1,59.9,"3,645,505.2","7,968.4","14,525.4",14.7,83.1
13,강동대학교,본교,전문대학,전문대학,사립,충북,"1,191","1,200",85,"3,377",3.2,95.4,73.0,219,33.89,62.5,53.8,52.1,"4,139,991.8","5,901.9","9,339.4",23.6,48.6
14,강릉영동대학교,본교,전문대학,전문대학,사립,강원,774,760,68,"3,144",2.7,83.4,74.0,"1,514",31.06,64.76,43.31,55.5,"3,169,248.1","6,123.2","10,524.1",39.4,42.8
15,강서대학교,본교,대학,대학교,사립,서울,277,504,54,"1,742",10.4,100.0,63.7,666,25.19,90.0,66.67,61.3,"3,356,599.4","7,924.7","9,896.2",11.7,69.5
16,강원관광대학교,본교,전문대학,전문대학,사립,강원,0,0,0,0,0.0,0.0,0.0,0,0.0,0.0,0.0,0.0,0.0,0.0,0.0,0.0,0.0
17,강원대학교,본교,대학,대학교,국립,강원,"3,197","3,009",837,"14,157",9.3,100.0,57.6,"1,015",20.14,101.45,93.31,59.2,"3,010,391.0","4,179.9","23,973.3",28.1,76.0
18,강원대학교,제2캠퍼스,대학,대학교,국립,강원,"1,309","1,150",198,"4,817",5.3,100.0,64.3,99,31.16,65.78,76.15,58.0,"3,650,832.8","4,242.8",0.0,50.4,0.0
19,강원도립대학교,본교,전문대학,전문대학,공립,강원,314,225,20,583,3.1,100.0,69.7,62,32.9,60.61,68.97,33.5,"3,270,046.3","2,348.7","35,230.9",51.7,95.4
20,거제대학교,본교,전문대학,전문대학,사립,경남,357,371,35,"1,072",4.8,100.0,78.7,265,27.97,71.43,66.04,39.2,"4,669,280.2","6,519.1","19,728.1",50.5,74.1
21,건국대학교,본교,대학,대학교,사립,서울,"3,000","3,410",657,"15,960",21.7,99.9,69.2,"2,228",29.82,68.14,59.08,59.5,"3,605,901.7","8,748.3","17,507.9",18.7,66.4
22,건국대학교(글로컬),분교,대학,대학교,사립,충북,"1,629","1,662",407,"7,190",10.8,99.9,67.8,218,17.43,115.63,105.44,61.1,"4,326,840.8","8,570.2","17,732.5",31.3,98.6
23,건양대학교,본교,대학,대학교,사립,충남,667,669,107,"2,531",5.1,99.4,70.3,430,26.66,84.25,95.54,64.7,"4,619,266.3","6,625.9","18,343.7",49.0,71.5
24,건양대학교,제2캠퍼스,대학,대학교,사립,대전,"1,015",830,243,"3,841",6.8,99.8,80.2,42,19.23,97.59,95.29,77.5,"4,106,459.6","7,641.4",0.0,32.8,0.0
25,건양사이버대학교,본교,대학,사이버대학(대학),사립,대전,"1,068","1,233",17,"4,078",1.2,77.1,71.6,13,199.76,100.0,80.95,40.8,"2,632,380.4","2,541.3","4,573.5",0.0,0.2
26,경기과학기술대학교,본교,전문대학,전문대학,사립,경기,"1,330","1,639",103,"3,919",6.6,92.7,71.5,449,30.87,65.19,55.38,53.8,"4,131,614.1","6,756.3","14,429.8",15.5,39.1
27,경기대학교,본교,대학,대학교,사립,경기,"2,618","2,700",454,"11,891",13.1,99.4,62.8,812,29.22,75.26,68.9,66.2,"3,984,639.3","7,796.2","12,292.2",17.5,76.5
28,경기대학교,제2캠퍼스,대학,대학교,사립,서울,328,477,31,"1,841",25.5,100.0,64.9,294,50.62,44.92,43.09,55.1,"3,462,183.4","7,548.8",0.0,0.0,0.0
29,경남과학기술대학교,본교,대학,대학교,국립,경남,0,946,0,"1,285",0.0,0.0,57.0,0,0.0,0.0,0.0,0.0,"2,952,829.6","4,048.0",0.0,0.0,0.0
30,경남대학교,본교,대학,대학교,사립,경남,"1,960","2,493",365,"8,352",4.8,96.3,61.2,407,28.25,77.66,80.75,75.5,"4,001,530.2","6,850.3","15,090.3",16.9,97.7
31,경남도립거창대학,본교,전문대학,전문대학,공립,경남,344,343,26,845,3.1,100.0,73.6,23,33.62,57.78,61.9,31.2,"3,107,770.9","2,852.7","22,616.5",53.7,53.0
32,경남도립남해대학,본교,전문대학,전문대학,공립,경남,340,327,19,798,3.1,100.0,72.5,36,39.74,52.78,48.72,34.0,"3,232,524.3","2,759.1","23,724.0",55.7,50.4
33,경남정보대학교,본교,전문대학,전문대학,사립,부산,"1,965","2,007",154,"5,418",6.0,81.0,73.6,409,30.27,68.44,60.87,52.7,"4,687,318.5","6,530.0","13,990.8",17.2,41.3
34,경동대학교,본교,대학,대학교,사립,강원,0,99,29,"1,126",0.0,0.0,85.2,"1,169",5.24,362.5,54.72,87.2,"7,076,342.1","6,728.7","14,389.5",80.3,60.2
35,경동대학교,제4캠퍼스,대학,대학교,사립,경기,713,577,92,"2,453",6.7,100.0,74.8,392,29.33,72.44,80.7,80.0,"3,803,425.2","8,137.3",0.0,20.3,0.0
36,경동대학교,제3캠퍼스,대학,대학교,사립,강원,842,898,99,"3,566",5.8,99.9,82.8,2,36.44,55.0,55.62,78.7,"4,298,497.6","8,954.4",0.0,28.0,0.0
37,경동대학교,제2캠퍼스,대학,대학교,사립,강원,0,0,0,0,0.0,0.0,0.0,0,0.0,0.0,0.0,0.0,0.0,0.0,0.0,0.0,0.0
38,경민대학교,본교,전문대학,전문대학,사립,경기,"1,470","1,424",115,"5,112",5.8,99.4,70.0,"1,067",31.31,66.47,47.13,55.0,"4,640,839.8","6,869.9","13,525.9",5.8,37.0
39,경복대학교,본교,전문대학,전문대학,사립,경기,"1,786","1,850",146,"6,253",9.3,97.7,80.6,910,37.27,55.51,47.87,51.8,"4,389,128.1","6,969.6","14,023.2",26.9,28.3
40,경북과학대학교,본교,전문대학,전문대학,사립,경북,667,666,51,"2,266",1.9,100.0,75.1,211,33.39,62.96,49.51,50.8,"4,673,558.8","5,750.3","11,945.1",32.3,51.8
41,경북대학교,본교,대학,대학교,국립,대구,"5,269","4,662","1,428","22,562",11.3,99.9,60.1,"1,660",19.95,97.53,91.57,59.3,"3,106,796.0","4,514.2","27,082.8",25.9,125.8
42,경북도립대학교,본교,전문대학,전문대학,공립,경북,0,330,0,358,0.0,0.0,73.8,0,0.0,0.0,0.0,35.9,"3,480,667.2","2,456.7","37,987.6",64.7,78.8
43,경북보건대학교,본교,전문대학,전문대학,사립,경북,356,343,43,"1,306",5.0,94.9,79.5,29,28.12,71.67,67.19,53.1,"4,123,311.4","5,602.9","14,064.0",54.4,33.7
44,경북전문대학교,본교,전문대학,전문대학,사립,경북,796,952,70,"2,605",3.7,81.2,81.5,21,29.67,70.0,56.45,57.4,"4,574,434.5","6,088.5","13,174.2",41.1,58.8
45,경상국립대학교,본교,대학,대학교,국립,경남,"4,452","2,848","1,050","16,424",6.9,100.0,52.1,335,20.59,98.49,105.87,69.4,"3,249,618.3","4,078.1","23,506.5",27.8,81.6
46,경성대학교,본교,대학,대학교,사립,부산,"2,765","2,529",363,"12,568",6.5,99.7,56.6,"1,966",34.12,64.13,59.51,63.2,"3,515,930.3","7,328.5","11,152.3",11.5,79.4
47,경운대학교,본교,대학,대학교,사립,경북,"1,184","1,268",163,"5,074",4.1,99.9,76.4,909,31.44,65.99,58.63,68.3,"5,191,755.2","8,093.2","14,282.2",33.5,99.8
48,경운대학교(산업대),본교,대학,산업대학,사립,경북,0,0,0,0,0.0,0.0,0.0,0,0.0,0.0,0.0,0.0,0.0,0.0,0.0,0.0,0.0
49,경인교육대학교,본교,대학,교육대학,국립,인천,526,0,134,"1,132",5.7,99.2,0.0,6,37.61,63.51,117.54,43.0,"2,410,891.8","3,492.9","14,205.9",40.5,161.3
50,경인교육대학교,제2캠퍼스,대학,교육대학,국립,경기,0,590,0,"1,161",0.0,0.0,62.0,0,0.0,0.0,0.0,58.3,"2,514,279.9",0.0,0.0,60.1,0.0
51,경인여자대학교,본교,전문대학,전문대학,사립,인천,"1,305","1,250",101,"3,623",7.5,96.6,68.7,428,34.89,60.61,59.17,48.3,"4,076,907.4","6,763.5","12,392.8",0.1,67.3
52,경일대학교,본교,대학,대학교,사립,경북,"1,521","1,502",238,"6,930",4.9,100.0,65.0,946,27.05,76.53,67.81,84.8,"4,693,208.6","7,753.8","13,587.4",24.1,76.8
53,경희대학교,본교,대학,대학교,사립,서울,"4,873","5,776","1,395","25,573",16.2,99.6,68.1,"3,535",20.69,94.51,76.99,57.7,"3,487,989.6","8,441.6","18,794.5",17.5,76.8
54,경희사이버대학교,본교,대학,사이버대학(대학),사립,서울,"3,000","3,221",50,"10,615",0.8,63.8,76.4,229,194.5,102.04,89.29,34.2,"1,705,183.0","2,914.4","3,966.3",0.0,3.6
55,계명대학교,본교,대학,대학교,사립,대구,"4,663","4,901",837,"20,491",7.2,100.0,56.3,"3,044",26.51,80.4,78.01,76.0,"4,286,875.7","8,079.0","15,278.7",13.6,91.5
56,계명문화대학교,본교,전문대학,전문대학,사립,대구,"2,018","1,791",110,"4,449",4.4,94.6,62.1,255,41.54,50.93,52.38,38.1,"5,091,336.9","6,309.4","15,105.9",9.0,48.3
57,계원예술대학교,본교,전문대학,전문대학,사립,경기,994,"1,083",74,"2,753",5.0,100.0,62.2,2,32.76,60.66,53.62,31.0,"3,835,362.6","8,044.8","13,371.9",0.0,47.4
58,고려대학교,본교,대학,대학교,사립,서울,"4,142","4,206","1,601","21,772",14.7,98.9,70.4,"4,471",19.33,110.41,96.91,54.3,"3,663,136.6","8,814.5","33,158.6",12.2,108.1
59,고려대학교(세종),분교,대학,대학교,사립,세종,"1,626","1,424",257,"6,714",8.6,100.0,63.6,596,26.99,80.82,69.46,61.3,"3,968,998.2","8,939.5","22,191.6",37.1,58.0
60,고려사이버대학교,본교,대학,사이버대학(대학),사립,서울,"2,449","2,673",45,"10,301",1.8,92.4,77.1,172,169.29,115.38,84.91,51.5,"1,153,852.3","2,571.2","2,825.8",0.0,5.2
61,고신대학교,본교,대학,대학교,사립,부산,753,645,252,"3,263",6.8,98.5,72.6,79,20.12,96.18,117.76,78.0,"4,193,417.4","7,057.2","16,445.0",48.2,113.8
62,공주교육대학교,본교,대학,교육대학,국립,충남,354,293,86,"1,365",5.0,100.0,57.9,0,26.0,93.48,101.18,68.0,"2,450,583.6","3,600.0","15,033.2",35.6,184.2
63,광신대학교,본교,대학,대학교,사립,광주,105,122,50,436,1.4,100.0,64.3,115,26.98,89.29,98.04,58.5,"5,156,540.8","6,176.5","10,298.7",22.1,169.5
64,광양보건대학교,본교,전문대학,전문대학,사립,전남,373,32,18,114,0.5,11.5,68.3,0,55.89,36.0,300.0,71.5,"3,014,035.1","5,884.8","27,013.7",0.0,348.9
65,광운대학교,본교,대학,대학교,사립,서울,"1,823","1,970",307,"8,414",14.3,99.7,65.3,"1,009",29.68,72.58,62.15,63.7,"3,508,178.3","8,330.8","16,682.0",12.3,84.5
66,광주가톨릭대학교,본교,대학,대학교,사립,전남,40,17,15,61,0.6,50.0,0.0,1,19.67,125.0,300.0,77.7,0.0,0.0,"28,983.5",232.3,"2,510.4"
67,광주과학기술원,본교,대학,대학교,특별법법인,광주,200,175,194,920,18.3,111.0,58.8,69,13.4,148.09,130.2,56.3,"6,860,449.0","2,060.0","88,585.7",91.4,93.4
68,광주교육대학교,본교,대학,교육대학,국립,광주,326,300,72,"1,257",4.7,99.7,60.3,0,33.28,71.29,87.8,64.1,"4,473,380.8","3,795.3","18,494.2",33.4,166.6
69,광주대학교,본교,대학,대학교,사립,광주,"1,363","1,343",200,"4,900",5.7,90.6,64.4,692,30.65,72.46,77.82,76.2,"4,770,899.3","6,919.4","14,490.5",26.6,110.4
70,광주보건대학교,본교,전문대학,전문대학,사립,광주,"1,105","1,130",102,"3,546",4.4,93.4,75.0,3,32.25,63.35,58.96,55.9,"3,644,644.7","5,450.5","11,158.3",14.4,58.0
71,광주여자대학교,본교,대학,대학교,사립,광주,912,857,123,"3,239",4.3,97.4,61.3,533,31.79,67.96,73.65,73.4,"4,915,027.3","6,600.8","12,413.9",32.9,84.1
72,구미대학교,본교,전문대학,전문대학,사립,경북,"1,351","2,003",148,"6,249",3.8,100.0,78.7,182,23.99,84.57,50.0,50.3,"5,722,930.7","6,180.3","13,369.3",24.5,41.0
73,구세군사관학교,본교,전문대학,각종학교(전문),사립,경기,0,0,0,0,0.0,0.0,0.0,0,0.0,0.0,0.0,0.0,0.0,0.0,0.0,0.0,0.0
74,국립강릉원주대학교,제2캠퍼스,대학,대학교,국립,강원,489,492,94,"1,958",7.4,99.8,62.6,8,24.97,83.49,88.35,81.4,"3,640,645.7","4,274.0",0.0,30.1,0.0
75,국립강릉원주대학교,본교,대학,대학교,국립,강원,"1,241","1,105",277,"4,723",6.8,99.2,62.0,299,22.73,88.67,97.79,58.5,"3,523,096.9","4,256.8","22,494.3",40.6,104.5
76,국립경국대학교,본교,대학,대학교,국립,경북,"1,539","1,205",292,"4,602",3.6,90.3,56.1,73,23.56,92.11,114.96,66.6,"4,396,874.1","3,787.9","24,638.4",29.1,146.5
77,국립공주대학교,본교,대학,대학교,국립,충남,"2,815","2,814",573,"12,357",9.2,100.0,59.1,307,26.71,80.0,77.56,66.6,"2,870,810.8","3,858.7","17,274.5",31.0,82.4
78,국립군산대학교,본교,대학,대학교,국립,전북,"1,723","1,356",338,"6,221",4.4,100.0,60.2,422,24.66,85.57,94.15,73.0,"3,206,940.1","3,897.3","21,904.9",24.6,102.0
79,국립금오공과대학교,본교,대학,대학교,국립,경북,"1,239","1,179",241,"4,895",5.0,99.6,67.6,30,25.34,79.54,84.27,71.0,"3,308,385.3","3,770.4","22,078.5",36.2,104.1
80,국립목포대학교,본교,대학,대학교,국립,전남,"1,484","1,412",307,"5,664",5.5,99.9,65.8,71,25.26,86.48,102.68,76.9,"3,944,312.5","3,873.2","26,807.8",23.6,101.5
81,국립목포해양대학교,본교,대학,대학교,국립,전남,692,528,127,"2,646",7.2,99.9,86.2,154,22.7,87.59,90.07,71.2,"2,540,217.2","3,409.5","24,878.8",87.2,96.9
82,국립부경대학교,본교,대학,대학교,국립,부산,"3,338","3,713",630,"15,131",8.9,99.8,56.6,"1,115",26.68,79.65,72.08,67.3,"3,128,168.7","4,046.2","19,373.2",25.0,76.6
83,국립순천대학교,본교,대학,대학교,국립,전남,"1,573","1,500",314,"6,352",5.2,99.7,59.9,261,25.68,82.8,89.43,67.5,"3,057,082.6","3,971.6","22,397.6",29.9,112.3
84,국립창원대학교,본교,대학,대학교,국립,경남,"1,742","1,715",345,"7,401",6.5,99.5,57.6,277,28.87,75.72,78.89,58.7,"3,195,467.0","3,906.3","21,502.7",26.5,89.8
85,국립창원대학교(거창캠퍼스),제2캠퍼스,대학,대학교,국립,경남,0,0,0,0,0.0,0.0,0.0,0,0.0,0.0,0.0,0.0,0.0,0.0,0.0,0.0,0.0
86,국립창원대학교(남해캠퍼스),제3캠퍼스,대학,대학교,국립,경남,0,0,0,0,0.0,0.0,0.0,0,0.0,0.0,0.0,0.0,0.0,0.0,0.0,0.0,0.0
87,국립한국교통대학교,본교,대학,대학교,국립,충북,"1,911","1,941",325,"7,950",6.9,99.9,65.0,113,26.32,79.27,77.38,64.2,"3,337,252.0","4,112.0","21,089.0",23.1,92.4
88,국립한국해양대학교,본교,대학,대학교,국립,부산,"1,372","1,421",282,"6,326",8.0,100.0,73.4,241,23.16,89.52,79.44,66.8,"3,038,652.8","3,721.8","25,202.3",40.6,86.4
89,국립한밭대학교,본교,대학,대학교,국립,대전,"1,901","1,893",289,"8,243",8.7,98.8,63.1,305,28.81,72.25,67.84,61.2,"3,125,179.1","4,479.5","19,066.5",16.4,77.9
90,국민대학교,본교,대학,대학교,사립,서울,"2,966","3,301",651,"14,502",11.6,99.8,68.0,"1,533",24.82,88.21,72.49,64.7,"4,033,820.8","8,376.9","17,999.4",13.5,79.4
91,국제대학교,본교,전문대학,전문대학,사립,경기,"1,155",886,81,"2,216",6.1,67.4,66.3,8,37.57,54.36,74.31,39.2,"4,444,175.0","7,251.0","12,687.5",30.8,61.9
92,국제사이버대학교,본교,대학,사이버대학(대학),사립,경기,900,937,18,"3,649",1.4,100.0,76.8,9,170.59,113.33,89.47,30.7,"2,394,278.7","2,557.2","4,259.2",0.0,3.0
93,군산간호대학교,본교,전문대학,전문대학,사립,전북,221,273,31,"1,094",5.1,100.0,83.6,0,28.52,68.89,56.36,66.3,"3,577,313.9","6,353.6","13,183.2",27.4,35.5
94,군장대학교,본교,전문대학,전문대학,사립,전북,635,606,48,"2,084",1.9,93.5,73.0,961,31.25,66.67,48.0,37.6,"3,857,179.8","5,812.7","16,098.7",26.2,64.2
95,극동대학교,본교,대학,대학교,사립,충북,900,681,109,"3,165",4.1,81.9,66.3,806,35.14,60.56,66.46,53.4,"3,861,175.6","7,921.0","12,093.6",36.0,110.0
96,글로벌사이버대학교,본교,대학,사이버대학(대학),사립,충남,"1,040",488,16,"2,457",0.9,67.6,75.8,168,229.38,84.21,114.29,47.7,"2,035,962.5","2,443.7","4,379.4",0.0,1.0
97,금강대학교,본교,대학,대학교,사립,충남,110,47,13,62,0.4,10.0,45.3,0,37.54,65.0,325.0,41.9,"8,267,165.2","6,598.0","49,411.6",274.8,690.2
98,기독간호대학교,본교,전문대학,전문대학,사립,광주,135,146,20,602,6.9,100.0,73.6,0,23.95,83.33,64.52,68.3,"3,287,898.4","5,369.2","11,117.5",6.3,58.1
99,김천대학교,본교,대학,대학교,사립,경북,634,580,100,"2,319",4.3,97.2,71.5,466,27.33,75.19,81.3,66.3,"5,381,103.1","7,159.8","13,609.5",42.0,138.3
100,김포대학교,본교,전문대학,전문대학,사립,경기,"1,085",678,62,"2,567",6.4,100.0,64.1,512,32.61,64.89,50.0,35.6,"4,169,753.3","6,819.5","11,931.3",27.3,77.6
101,김해대학교,본교,전문대학,전문대학,사립,경남,464,401,49,"1,347",4.8,87.3,81.3,156,28.69,70.0,73.13,54.9,"5,594,267.3","6,218.1","15,411.2",33.2,31.1
102,나사렛대학교,본교,대학,대학교,사립,충남,"1,171","1,049",157,"4,494",5.1,99.9,63.2,413,33.85,67.09,73.36,78.0,"4,726,358.2","7,865.2","12,446.1",23.7,85.0
103,나주대학교,본교,전문대학,전문대학,사립,전남,800,453,39,"1,605",1.1,91.1,74.5,586,42.56,52.7,53.42,42.1,"2,886,849.7","4,603.0","9,071.3",22.9,27.0
104,남부대학교,본교,대학,대학교,사립,광주,617,753,108,"2,364",5.0,99.2,71.5,240,28.06,72.97,77.7,63.4,"4,228,289.9","6,565.5","14,068.3",36.8,42.1
105,남서울대학교,본교,대학,대학교,사립,충남,"2,202","2,060",293,"8,922",7.0,100.0,64.7,"1,544",31.33,69.27,61.68,61.4,"4,230,683.3","8,356.2","13,567.5",14.6,98.0
106,남서울대학교(산업대),본교,대학,산업대학,사립,충남,0,0,0,0,0.0,0.0,0.0,0,0.0,0.0,0.0,0.0,0.0,0.0,0.0,0.0,0.0
107,농협대학교,본교,전문대학,전문대학,사립,경기,58,127,12,380,11.3,100.0,93.5,1,14.5,171.43,75.0,75.4,"2,882,101.2","4,982.7","39,525.9",57.3,122.1
108,단국대학교,본교,대학,대학교,사립,경기,"2,275","2,537",475,"11,372",14.9,99.6,62.5,956,30.24,73.53,67.19,56.3,"3,490,510.9","8,511.5","16,068.5",18.9,75.0
109,단국대학교,제2캠퍼스,대학,대학교,사립,충남,"2,391","2,511",528,"10,548",10.1,99.5,64.7,147,21.52,90.72,87.71,60.8,"3,825,756.2","8,658.6",0.0,20.4,0.0
110,대경대학교,본교,전문대학,전문대학,사립,경북,"1,422","1,267",95,"3,793",3.6,95.7,74.4,887,35.4,57.93,52.49,40.1,"4,862,672.7","6,389.5","13,024.6",28.6,45.9
111,대구가톨릭대학교,본교,대학,대학교,사립,경북,"2,508","2,450",533,"11,320",6.9,99.9,60.5,"1,178",23.86,88.1,82.13,66.2,"4,852,780.9","7,626.5","15,067.9",24.4,107.3
112,대구경북과학기술원,본교,대학,대학교,특별법법인,대구,200,179,146,921,28.5,96.5,54.1,15,15.45,128.07,120.66,77.0,"2,960,325.2","7,690.0","98,423.9",105.0,147.6
113,대구공업대학교,본교,전문대학,전문대학,사립,대구,530,483,33,"1,278",2.4,100.0,67.8,6,32.88,64.71,54.1,58.5,"5,887,962.9","5,858.2","11,563.5",67.1,89.5
114,대구과학대학교,본교,전문대학,전문대학,사립,대구,"1,539","1,533",121,"4,379",4.3,100.0,73.8,152,31.95,66.12,58.17,41.7,"5,476,055.1","6,114.8","13,039.9",13.6,39.6
115,대구교육대학교,본교,대학,교육대학,국립,대구,383,359,89,"1,514",5.8,99.7,62.8,2,32.38,72.95,78.07,66.2,"2,342,687.1","3,896.0","13,991.1",29.1,145.9
116,대구대학교,본교,대학,대학교,사립,경북,"3,850","4,020",499,"15,459",5.3,99.8,54.0,"1,660",35.27,62.85,63.65,76.3,"4,550,988.5","7,323.3","14,227.6",26.3,91.4
117,대구미래대학교,본교,전문대학,전문대학,사립,경북,0,0,0,0,0.0,0.0,0.0,0,0.0,0.0,0.0,0.0,0.0,0.0,0.0,0.0,0.0
118,대구보건대학교,본교,전문대학,전문대학,사립,대구,"2,120","2,262",180,"6,580",7.0,96.7,76.8,22,33.29,60.4,55.21,54.0,"4,394,799.6","6,600.3","12,393.8",10.0,41.3
119,대구사이버대학교,본교,대학,사이버대학(대학),사립,경북,"1,500","1,050",24,"3,212",0.6,35.7,79.5,31,162.08,120.0,141.18,43.4,"1,622,448.7","2,623.0","3,735.4",0.0,4.0
120,대구예술대학교,본교,대학,대학교,사립,경북,300,115,17,250,0.6,6.0,48.9,227,74.12,26.98,130.77,45.7,"4,286,527.4","8,319.4","21,050.9",41.4,287.8
121,대구외국어대학교,본교,대학,대학교,사립,경북,0,0,0,0,0.0,0.0,0.0,0,0.0,0.0,0.0,0.0,0.0,0.0,0.0,0.0,0.0
122,대구한의대학교,본교,대학,대학교,사립,경북,"1,400","1,462",223,"6,961",6.0,99.9,65.9,"1,637",30.77,60.93,56.46,77.9,"4,941,611.5","7,597.6","16,065.3",13.3,102.2
123,대덕대학교,본교,전문대학,전문대학,사립,대전,"1,209",694,58,"1,590",2.4,62.4,72.1,131,42.76,47.15,74.36,57.2,"4,313,609.2","6,091.4","14,189.4",23.9,109.4
124,대동대학교,본교,전문대학,전문대학,사립,부산,398,404,45,"1,487",7.5,92.0,74.0,0,27.96,71.43,60.0,47.0,"3,954,851.9","6,411.2","11,738.0",0.0,40.5
125,대림대학교,본교,전문대학,전문대학,사립,경기,"2,214","2,589",174,"6,713",6.4,98.6,80.5,166,32.79,62.37,55.95,51.8,"4,029,195.9","7,144.2","13,349.1",0.6,32.8
126,대신대학교,본교,대학,대학교,사립,경북,150,91,39,"1,335",2.5,100.0,44.7,950,21.77,108.33,51.32,60.1,"5,285,498.4","6,588.9","12,300.8",22.9,192.4
127,대원대학교,본교,전문대학,전문대학,사립,충북,737,609,61,"1,957",4.1,67.9,76.4,721,32.49,63.54,64.21,49.4,"4,364,429.8","6,381.8","14,628.6",46.0,55.4
128,대전가톨릭대학교,본교,대학,대학교,사립,세종,40,7,11,35,0.4,30.0,0.0,1,26.82,91.67,366.67,56.0,"3,940,606.1","5,760.0","66,016.4",998.1,"2,647.9"
129,대전과학기술대학교,본교,전문대학,전문대학,사립,대전,"1,272","1,331",106,"3,991",4.8,100.0,74.6,"1,448",31.42,65.84,54.64,53.1,"3,522,502.0","6,241.4","11,415.9",19.3,92.2
130,대전대학교,본교,대학,대학교,사립,대전,"1,782","1,849",277,"7,823",6.8,99.9,64.6,356,31.24,64.57,65.48,65.3,"4,311,817.6","7,453.9","15,736.4",27.6,99.5
131,대전보건대학교,본교,전문대학,전문대학,사립,대전,"1,422","1,614",130,"4,116",7.1,94.2,76.1,9,33.25,59.91,62.8,62.6,"3,795,297.7","6,312.9","12,667.4",11.2,65.0
132,대전신학대학교,본교,대학,대학교,사립,대전,32,15,7,48,0.5,34.4,0.0,0,54.71,43.75,70.0,60.4,"7,230,902.0","5,956.0","15,164.7",23.2,587.3
133,대진대학교,본교,대학,대학교,사립,경기,"1,737","1,662",231,"7,751",6.2,99.9,67.6,"1,104",32.74,66.19,61.11,67.1,"4,008,325.3","8,009.7","13,441.7",12.8,101.9
134,덕성여자대학교,본교,대학,대학교,사립,서울,"1,215","1,203",197,"5,566",15.5,100.0,60.3,571,26.18,84.91,73.23,66.2,"3,308,009.2","7,593.3","14,267.3",15.3,138.2
135,동강대학교,본교,전문대학,전문대학,사립,광주,945,854,68,"2,330",2.7,91.8,73.5,119,35.47,57.14,64.15,46.3,"4,017,215.2","5,679.4","10,262.4",15.6,47.4
136,동국대학교,본교,대학,대학교,사립,서울,"2,836","2,987",686,"13,841",18.7,99.9,67.0,"2,691",24.76,89.09,74.48,59.4,"3,741,313.8","8,458.0","18,316.7",14.0,97.4
137,동국대학교(WISE),분교,대학,대학교,사립,경북,"1,825","1,358",300,"6,898",6.3,99.9,62.4,420,26.75,75.38,80.43,59.4,"4,429,826.4","8,380.1","16,537.5",27.9,111.5
138,동남보건대학교,본교,전문대학,전문대학,사립,경기,"1,315","1,507",122,"4,633",10.8,100.0,75.8,580,33.58,61.0,53.51,60.0,"3,482,193.2","6,576.2","10,161.7",0.0,34.0
139,동덕여자대학교,본교,대학,대학교,사립,서울,"1,577","1,634",214,"6,392",15.8,99.9,65.1,56,32.07,67.3,66.67,71.8,"3,590,625.8","7,882.2","11,951.4",11.1,80.0
140,동명대학교,본교,대학,대학교,사립,부산,"1,424","1,617",229,"6,761",5.8,97.1,61.2,"1,056",30.12,71.12,63.26,65.8,"4,704,989.9","7,431.1","13,213.9",13.6,89.5
141,동부산대학교,본교,전문대학,전문대학,사립,부산,0,0,0,0,0.0,0.0,0.0,0,0.0,0.0,0.0,0.0,0.0,0.0,0.0,0.0,0.0
142,동서대학교,본교,대학,대학교,사립,부산,"2,094","1,948",320,"8,582",5.2,100.2,61.9,"1,497",27.56,77.86,75.29,67.1,"4,442,657.2","7,311.7","14,351.3",24.7,93.3
143,동서울대학교,본교,전문대학,전문대학,사립,경기,"2,289","2,140",143,"5,754",7.7,100.0,68.2,12,38.75,52.96,52.57,46.9,"3,674,307.8","7,152.4","11,712.2",3.3,40.4
144,동신대학교,본교,대학,대학교,사립,전남,"1,459","1,379",226,"5,571",4.0,93.5,69.2,989,29.76,67.87,62.43,78.9,"4,668,918.6","7,064.1","14,958.7",20.2,98.4
145,동아대학교,본교,대학,대학교,사립,부산,"4,159","4,167",715,"17,635",6.3,99.9,60.0,"1,676",27.97,76.8,76.14,68.8,"3,851,443.9","7,655.2","15,343.2",13.4,73.0
146,동아방송예술대학교,본교,전문대학,전문대학,사립,경기,823,"1,054",79,"3,015",17.5,100.0,72.3,44,31.25,63.71,52.32,33.5,"4,154,796.9","7,798.2","13,833.8",15.3,42.7
147,동아보건대학교,본교,전문대학,전문대학,사립,전남,350,372,27,804,2.3,78.6,72.8,0,37.44,57.45,72.97,54.6,"4,350,510.9","4,846.9","12,721.7",41.1,34.7
148,동양대학교,본교,대학,대학교,사립,경북,"1,010",830,127,"4,241",5.4,100.0,66.7,725,33.62,62.25,58.8,76.1,"4,093,979.7","7,706.4","12,717.0",51.2,92.9
149,동양미래대학교,본교,전문대학,전문대학,사립,서울,"2,135","2,276",166,"5,617",7.0,99.1,67.5,24,29.98,69.17,61.94,57.0,"4,277,221.0","7,029.4","11,615.2",1.9,51.9
150,동우대학,본교,전문대학,전문대학,사립,강원,0,0,0,0,0.0,0.0,0.0,0,0.0,0.0,0.0,0.0,0.0,0.0,0.0,0.0,0.0
151,동원과학기술대학교,본교,전문대학,전문대학,사립,경남,699,805,49,"2,247",4.0,91.8,76.7,49,36.92,54.44,50.52,38.6,"4,830,816.9","6,176.4","15,224.4",18.9,38.1
152,동원대학교,본교,전문대학,전문대학,사립,경기,"1,260","1,011",70,"3,539",5.0,100.0,70.6,777,41.71,50.36,42.42,43.8,"5,025,233.3","7,138.5","12,869.0",22.6,44.0
153,동의과학대학교,본교,전문대학,전문대학,사립,부산,"1,258","1,396",108,"4,050",8.1,94.8,73.1,630,28.67,71.05,59.02,56.0,"5,126,988.8","6,668.0","13,289.1",18.1,48.7
154,동의대학교,본교,대학,대학교,사립,부산,"3,589","3,216",550,"14,302",5.2,100.0,61.3,586,28.58,73.92,75.97,87.6,"4,219,168.9","7,346.1","12,828.1",21.8,87.3
155,두원공과대학교,본교,전문대학,전문대학,사립,경기,"1,436",761,105,"2,105",5.1,58.6,70.2,113,37.98,53.3,100.0,58.3,"3,774,948.7","6,815.2","15,826.1",22.3,63.1
156,디지털서울문화예술대학교,본교,대학,사이버대학(대학),사립,서울,990,786,17,"2,854",3.1,80.1,71.5,34,207.65,94.44,113.33,21.8,"2,209,875.7","3,042.2","5,875.8",0.0,3.4
157,루터대학교,본교,대학,대학교,사립,경기,85,89,15,300,3.3,100.0,63.2,0,29.13,83.33,100.0,60.3,"5,387,126.3","6,334.5","15,999.1",28.2,112.6
158,마산대학교,본교,전문대학,전문대학,사립,경남,"1,856","1,733",144,"4,922",6.2,82.3,76.7,393,35.32,57.6,59.26,53.0,"3,949,414.5","6,200.1","11,193.7",27.4,36.1
159,명지대학교,본교,대학,대학교,사립,경기,"1,264","1,507",254,"5,741",11.3,99.9,70.1,301,25.08,79.56,71.88,65.8,"3,877,981.4","9,592.7","14,152.1",31.1,107.8
160,명지대학교,제2캠퍼스,대학,대학교,사립,서울,"1,263","1,970",249,"7,530",12.4,99.9,65.6,"2,127",31.04,75.53,62.19,58.9,"3,620,720.2","7,445.6",0.0,12.4,0.0
161,명지전문대학,본교,전문대학,전문대학,사립,서울,"2,491","2,576",158,"6,571",11.0,100.0,64.6,346,35.44,60.31,53.56,44.8,"4,184,020.6","6,944.0","10,886.1",3.3,41.4
162,목원대학교,본교,대학,대학교,사립,대전,"1,840","1,388",264,"7,390",6.3,100.0,60.1,"1,494",31.72,68.22,68.57,49.7,"4,459,097.8","7,722.3","13,599.7",18.1,96.9
163,목포가톨릭대학교,본교,대학,대학교,사립,전남,120,122,21,463,4.0,94.2,78.4,0,22.86,87.5,91.3,75.3,"4,845,945.1","6,554.8","18,863.3",42.1,105.7
164,목포과학대학교,본교,전문대학,전문대학,사립,전남,897,867,68,"2,423",2.0,91.6,73.5,169,33.25,62.96,58.62,64.3,"5,137,257.2","5,950.8","14,384.5",16.2,34.1
165,문경대학교,본교,전문대학,전문대학,사립,경북,259,218,28,630,3.6,68.0,76.6,1,30.39,65.12,84.85,48.4,"5,198,986.9","6,166.7","21,851.9",37.4,56.2
166,배재대학교,본교,대학,대학교,사립,대전,"1,798","1,512",254,"7,344",6.6,100.0,60.3,"1,131",32.76,65.46,67.55,71.2,"4,089,591.8","7,731.6","14,155.6",22.9,101.7
167,배화여자대학교,본교,전문대학,전문대학,사립,서울,"1,070","1,077",69,"2,646",7.5,100.0,68.4,2,35.67,61.06,58.47,45.3,"3,401,175.4","6,634.0","12,248.8",0.0,58.5
168,백석대학교,본교,대학,대학교,사립,충남,"2,790","2,773",464,"11,574",8.0,100.0,66.9,469,31.26,71.27,66.1,74.2,"4,085,945.6","8,362.8","13,328.6",14.5,83.7
169,백석문화대학교,본교,전문대학,전문대학,사립,충남,"1,393","1,524",110,"3,644",5.5,90.8,74.8,595,32.29,63.58,64.71,41.1,"4,012,212.9","7,274.1","12,157.2",11.5,36.1
170,백제예술대학교,본교,전문대학,전문대학,사립,전북,387,327,19,663,2.7,87.9,55.4,0,42.11,47.5,55.88,27.8,"4,086,878.6","7,831.8","11,587.5",16.5,58.2
171,부산가톨릭대학교,본교,대학,대학교,사립,부산,705,870,123,"3,449",7.1,99.4,70.9,614,27.23,75.46,66.13,77.6,"4,632,665.9","7,245.4","13,569.1",13.8,109.6
172,부산경상대학교,본교,전문대학,전문대학,사립,부산,840,671,37,"1,517",2.5,61.3,65.3,4,50.54,43.53,54.41,36.4,"5,647,539.9","5,623.7","14,241.0",24.4,49.3
173,부산과학기술대학교,본교,전문대학,전문대학,사립,부산,"1,194","1,336",106,"3,981",6.0,94.4,69.1,417,26.08,82.81,60.57,46.8,"4,849,583.4","6,397.4","12,889.3",21.3,55.5
174,부산교육대학교,본교,대학,교육대학,국립,부산,313,350,78,"1,368",5.2,99.4,56.4,0,35.72,64.46,75.0,52.3,"2,624,489.9","3,316.0","14,507.5",41.8,136.5
175,부산대학교,본교,대학,대학교,국립,부산,"4,498","4,294","1,442","19,900",9.0,99.8,59.8,"1,134",20.37,94.81,93.64,54.5,"3,234,952.8","4,472.1","27,220.8",21.1,95.7
176,부산디지털대학교,본교,대학,사이버대학(대학),사립,부산,"1,000",712,19,"2,859",1.1,82.2,68.6,48,149.84,126.67,118.75,50.4,"2,340,224.7","2,523.0","5,147.1",0.0,1.5
177,부산보건대학교,본교,전문대학,전문대학,사립,부산,788,778,77,"2,367",8.5,85.5,73.5,19,30.0,68.14,66.38,53.9,"4,614,271.8","6,412.7","13,743.7",9.2,52.7
178,부산여자대학교,본교,전문대학,전문대학,사립,부산,618,617,53,"1,774",4.9,96.4,66.0,44,31.15,68.83,63.86,48.9,"4,347,437.4","6,309.1","12,837.0",33.6,83.0
179,부산예술대학교,본교,전문대학,전문대학,사립,부산,343,251,18,481,2.0,39.4,38.2,1,40.72,50.0,72.0,34.6,"5,120,036.1","5,914.6","10,809.9",16.6,23.5
180,부산외국어대학교,본교,대학,대학교,사립,부산,"1,470","1,516",214,"6,471",3.6,100.1,58.8,"1,192",32.3,73.54,71.1,68.2,"3,759,043.1","6,734.5","11,651.7",23.6,122.0
181,부산장신대학교,본교,대학,대학교,사립,경남,32,30,15,125,1.8,100.0,57.1,0,35.0,71.43,107.14,80.9,"6,076,442.8","6,133.7","12,840.1",66.9,240.2
182,부천대학교,본교,전문대학,전문대학,사립,경기,"2,191","2,863",183,"7,098",10.6,100.0,73.2,570,28.56,73.79,56.83,51.9,"4,451,988.5","6,701.8","12,801.7",5.1,47.3
183,사이버한국외국어대학교,본교,대학,사이버대학(대학),사립,서울,"1,750","1,646",34,"6,390",1.2,81.0,67.1,312,150.59,130.77,103.03,53.8,"1,566,852.5","2,887.4","3,575.9",0.0,0.0
184,삼육대학교,본교,대학,대학교,사립,서울,"1,157","1,284",190,"5,268",13.7,100.0,69.1,361,28.02,75.7,64.85,61.3,"4,309,590.1","8,278.4","15,547.9",23.1,86.0
185,삼육보건대학교,본교,전문대학,전문대학,사립,서울,384,449,41,"1,424",15.8,100.0,80.4,72,26.15,77.36,61.19,53.5,"3,183,545.4","6,106.4","13,674.0",0.0,56.8
186,상명대학교,본교,대학,대학교,사립,서울,"1,302","1,393",246,"6,267",15.9,100.2,62.7,194,27.46,79.61,70.69,83.5,"3,861,995.2","8,173.3","14,803.6",9.0,88.9
187,상명대학교,제2캠퍼스,대학,대학교,사립,충남,"1,345","1,205",186,"5,517",9.3,100.0,63.1,45,29.19,70.19,66.91,82.5,"4,170,829.4","8,535.8",0.0,19.7,0.0
188,상지대학교,본교,대학,대학교,사립,강원,"1,666","1,418",244,"5,722",6.1,99.7,65.2,75,31.43,65.24,78.96,77.6,"3,609,197.3","7,859.3","13,910.4",29.4,111.1
189,상지영서대학교,본교,전문대학,전문대학,사립,강원,0,2,0,3,0.0,0.0,55.0,0,0.0,0.0,0.0,0.0,0.0,0.0,0.0,0.0,0.0
190,서강대학교,본교,대학,대학교,사립,서울,"1,602","1,736",410,"8,429",20.1,99.0,71.3,"2,021",30.03,76.35,65.71,56.8,"3,291,122.7","8,439.4","20,292.9",11.8,119.5
191,서경대학교,본교,대학,대학교,사립,서울,"1,309","1,457",250,"6,864",18.8,100.0,73.4,"1,077",22.87,90.91,70.03,63.4,"3,695,549.6","8,422.3","13,165.6",11.1,94.8
192,서남대학교,제2캠퍼스,대학,대학교,사립,충남,0,0,0,0,0.0,0.0,0.0,0,0.0,0.0,0.0,0.0,0.0,0.0,0.0,0.0,0.0
193,서남대학교,본교,대학,대학교,사립,전북,0,0,0,0,0.0,0.0,0.0,0,0.0,0.0,0.0,0.0,0.0,0.0,0.0,0.0,0.0
194,서라벌대학교,본교,전문대학,전문대학,사립,경북,0,210,0,203,0.0,0.0,77.3,9,0.0,0.0,0.0,0.0,0.0,"6,116.7",0.0,43.4,206.4
195,서영대학교,본교,전문대학,전문대학,사립,광주,"1,675","1,867",119,"4,920",6.1,97.6,76.4,249,35.24,58.33,49.79,37.8,"4,131,803.9","5,852.8","11,134.7",8.8,19.3
196,서울과학기술대학교,본교,대학,대학교,국립,서울,"2,227","2,230",430,"10,444",13.6,99.9,67.2,"1,129",25.47,80.07,67.61,61.3,"3,212,119.2","5,494.4","20,840.0",23.8,70.8
197,서울교육대학교,본교,대학,교육대학,국립,서울,355,322,105,"1,285",4.3,99.7,64.5,6,31.48,73.43,93.75,46.5,"2,068,897.2","3,256.0","17,322.4",62.6,124.0
198,서울기독대학교,본교,대학,대학교,사립,서울,136,65,37,"1,279",3.1,83.9,58.9,838,25.84,88.1,55.22,49.2,"2,475,775.2","7,913.7","8,905.5",14.0,102.9
199,서울대학교,본교,대학,대학교,국립대법인,서울,"3,476","3,200","2,369","17,279",7.1,99.7,71.3,"1,383",12.66,146.51,123.13,48.3,"3,499,102.1","6,058.8","63,021.1",23.8,182.9
200,서울디지털대학교,본교,대학,사이버대학(대학),사립,서울,"3,000","3,204",49,"11,052",1.2,66.8,79.5,62,188.78,104.26,87.5,34.7,"1,623,643.2","2,274.8","3,218.3",0.0,7.0
201,서울사이버대학교,본교,대학,사이버대학(대학),사립,서울,"3,270","4,524",73,"15,803",1.5,94.3,80.3,62,150.29,132.73,90.12,46.7,"1,794,770.3","2,849.2","3,657.0",0.0,3.5
202,서울시립대학교,본교,대학,대학교,공립,서울,"1,747","1,812",458,"8,949",15.5,99.9,67.2,725,23.84,91.6,78.16,51.4,"2,385,871.0","2,529.3","19,994.7",11.4,105.7
203,서울신학대학교,본교,대학,대학교,사립,경기,477,398,96,"1,967",5.4,100.0,64.7,407,32.14,74.42,75.0,63.0,"5,660,500.1","7,636.3","13,659.0",13.0,132.7
204,서울여자간호대학교,본교,전문대학,전문대학,사립,서울,168,208,28,863,19.4,100.0,80.9,0,24.0,82.35,63.64,68.3,"3,124,611.4","6,761.8","13,317.9",15.0,50.3
205,서울여자대학교,본교,대학,대학교,사립,서울,"1,612","1,367",224,"7,692",13.2,99.9,63.7,"1,131",32.72,68.09,61.37,57.0,"3,722,437.7","7,973.7","13,052.6",11.4,104.2
206,서울예술대학교,본교,전문대학,전문대학,사립,경기,581,"1,070",79,"3,104",37.4,100.0,70.2,41,22.06,89.77,50.64,33.6,"4,067,670.4","8,449.3","14,260.7",16.5,40.0
207,서울장신대학교,본교,대학,대학교,사립,경기,104,63,27,331,3.3,100.0,56.5,42,32.11,72.97,84.38,79.0,"6,028,971.6","7,728.9","13,311.4",82.5,227.3
208,서울한영대학교,본교,대학,대학교,사립,서울,180,136,27,778,7.6,99.5,56.8,308,38.04,64.29,60.0,51.6,"4,159,639.0","7,082.3","9,211.2",15.8,150.1
209,서원대학교,본교,대학,대학교,사립,충북,"1,622","1,492",224,"7,648",6.4,100.0,60.1,"1,001",30.53,71.57,62.57,75.4,"4,386,823.6","7,340.2","13,335.5",14.0,117.0
210,서일대학교,본교,전문대학,전문대학,사립,서울,"2,155","2,025",157,"6,171",9.0,99.5,69.4,128,36.24,57.3,53.04,52.0,"3,616,121.5","6,702.9","10,624.2",0.0,35.3
211,서정대학교,본교,전문대학,전문대학,사립,경기,"1,348","3,245",212,"9,043",3.8,100.0,76.5,"5,092",14.65,149.3,51.46,47.6,"4,297,137.9","6,329.7","11,245.2",5.0,14.3
212,서해대학,본교,전문대학,전문대학,사립,전북,0,0,0,0,0.0,0.0,0.0,0,0.0,0.0,0.0,0.0,0.0,0.0,0.0,0.0,0.0
213,선린대학교,본교,전문대학,전문대학,사립,경북,632,634,67,"1,985",2.7,97.0,77.2,156,28.1,72.04,68.37,53.0,"4,178,439.7","6,145.1","13,027.2",18.4,35.3
214,선문대학교,본교,대학,대학교,사립,충남,"2,053","2,052",280,"8,435",4.1,100.0,70.7,"2,200",33.04,65.42,64.67,60.1,"4,457,819.9","8,004.0","15,501.9",31.4,87.1
215,성결대학교,본교,대학,대학교,사립,경기,"1,228","1,193",167,"5,241",8.5,100.0,66.4,388,34.49,66.27,66.01,59.2,"3,661,061.7","7,621.7","12,008.1",11.7,101.7
216,성공회대학교,본교,대학,대학교,사립,서울,502,444,80,"2,234",6.1,100.4,58.5,275,33.81,69.57,72.07,57.5,"4,554,540.8","7,450.0","12,492.9",21.1,119.4
217,성균관대학교,본교,대학,대학교,사립,서울,"3,555","4,256","1,543","19,613",22.6,100.0,73.8,"3,911",17.15,124.24,104.19,53.7,"3,551,570.7","8,905.2","32,424.6",20.4,82.3
218,성신여자대학교,본교,대학,대학교,사립,서울,"2,060","1,939",324,"9,404",12.4,99.7,60.9,890,30.6,70.9,66.39,52.5,"3,904,314.4","8,404.2","13,462.1",10.6,84.7
219,성심외국어대학,본교,전문대학,전문대학,사립,부산,0,0,0,0,0.0,0.0,0.0,0,0.0,0.0,0.0,0.0,0.0,0.0,0.0,0.0,0.0
220,성운대학교,본교,전문대학,전문대학,사립,경북,540,754,41,"1,558",1.3,100.0,75.9,13,27.46,87.23,63.08,61.6,"4,582,018.0","5,283.7","11,271.3",4.3,37.4
221,세경대학교,본교,전문대학,전문대학,사립,강원,385,303,26,771,2.7,85.2,78.9,133,34.88,60.47,74.29,48.2,"4,810,237.7","5,226.0","17,625.6",75.3,58.2
222,세명대학교,본교,대학,대학교,사립,충북,"1,472","1,474",231,"5,515",4.7,98.4,64.8,237,30.31,67.74,77.78,73.5,"4,715,944.4","7,280.6","14,959.2",53.0,106.4
223,세종대학교,본교,대학,대학교,사립,서울,"2,564","2,616",590,"13,171",16.3,100.0,65.3,"2,844",23.13,91.19,68.05,62.2,"3,353,520.4","8,392.2","17,868.5",11.1,64.3
224,세종사이버대학교,본교,대학,사이버대학(대학),사립,서울,"2,180","2,938",48,"11,464",1.6,81.8,76.4,134,151.88,129.73,81.36,30.1,"2,004,964.3","2,928.3","3,780.2",0.0,0.0
225,세한대학교,본교,대학,대학교,사립,전남,817,893,111,"3,140",3.2,93.2,66.4,62,31.99,67.27,64.53,54.9,"4,799,415.6","7,766.3","11,098.1",38.2,93.4
226,송곡대학교,본교,전문대학,전문대학,사립,강원,200,246,30,"2,479",3.9,100.0,80.1,344,18.97,100.0,27.03,41.3,"3,122,533.7","5,499.4","12,998.7",17.5,23.2
227,송원대학교,본교,대학,대학교,사립,광주,640,741,92,"2,569",3.4,98.9,70.7,400,30.8,69.17,69.7,86.9,"4,918,337.2","6,895.9","15,355.0",15.1,91.4
228,송호대학교,본교,전문대학,전문대학,사립,강원,337,276,29,963,4.5,94.4,74.1,172,30.83,65.91,61.7,49.6,"4,016,900.3","6,003.1","10,351.2",39.0,61.2
229,수성대학교,본교,전문대학,전문대학,사립,대구,"1,177","1,240",84,"3,411",4.4,100.0,74.0,3,34.51,60.87,53.85,48.6,"4,820,058.9","6,204.6","11,154.5",12.3,40.7
230,수원가톨릭대학교,본교,대학,대학교,사립,경기,90,31,9,96,0.4,30.0,0.0,1,57.44,42.86,114.29,35.6,"7,940,884.4","5,097.0","44,568.3",161.7,870.6
231,수원과학대학교,본교,전문대학,전문대학,사립,경기,"1,995","1,089",86,"3,020",6.3,60.5,66.3,5,60.38,35.39,60.14,50.6,"3,000,517.1","5,826.0","12,295.1",0.0,68.4
232,수원대학교,본교,대학,대학교,사립,경기,"2,130","1,781",310,"8,368",13.9,99.9,62.9,73,33.63,63.14,69.98,52.5,"3,983,743.5","7,941.9","14,014.4",12.4,100.0
233,수원여자대학교,본교,전문대학,전문대학,사립,경기,"1,394","1,272",106,"3,672",7.4,93.7,71.0,18,35.49,57.61,58.89,52.2,"3,515,240.6","6,998.7","11,936.9",0.0,44.4
234,숙명여자대학교,본교,대학,대학교,사립,서울,"2,160","2,336",419,"10,134",12.2,100.0,64.6,520,30.02,74.25,71.58,54.5,"3,758,180.2","8,593.0","16,925.3",11.9,99.9
235,순복음총회신학교,본교,대학,각종학교(대학),사립,충북,58,12,9,137,0.7,69.0,45.5,0,29.75,72.73,133.33,39.6,"4,661,623.9","6,048.0","9,687.8",134.5,221.3
236,순천제일대학교,본교,전문대학,전문대학,사립,전남,987,"1,050",74,"2,602",2.5,99.7,73.5,205,30.96,66.07,58.27,48.6,"4,274,684.0","5,750.0","13,889.8",9.0,37.4
237,순천향대학교,본교,대학,대학교,사립,충남,"2,524","2,354",942,"11,080",8.4,100.0,65.9,675,12.26,162.69,155.96,66.3,"4,059,389.9","8,284.6","22,844.2",38.9,77.0
238,숭실대학교,본교,대학,대학교,사립,서울,"2,675","3,021",528,"14,738",15.4,99.8,70.9,"2,479",26.94,81.86,63.54,57.7,"3,381,844.6","8,408.2","14,185.0",11.0,72.0
239,숭실사이버대학교,본교,대학,사이버대학(대학),사립,서울,"1,650","2,275",38,"7,536",1.0,72.0,77.1,98,128.95,152.0,97.44,34.6,"1,963,409.2","2,772.2","4,780.5",0.0,1.3
240,숭의여자대학교,본교,전문대학,전문대학,사립,서울,"1,315","1,176",77,"2,999",6.7,100.0,68.2,6,40.0,55.0,56.62,45.2,"3,790,258.4","6,384.9","9,271.6",0.0,50.1
241,신경주대학교,본교,대학,대학교,사립,경북,890,94,47,"1,179",1.1,80.9,61.2,168,83.43,25.43,68.75,54.4,0.0,"7,492.5","19,657.0",0.0,463.0
242,신구대학교,본교,전문대학,전문대학,사립,경기,"2,268","2,267",158,"5,889",6.9,99.3,73.9,37,38.58,54.48,56.03,52.5,"3,919,392.7","7,008.6","10,919.4",4.5,35.8
243,신라대학교,본교,대학,대학교,사립,부산,"1,640","1,534",272,"6,877",5.2,93.8,59.4,"1,093",28.61,77.27,75.56,70.2,"4,333,413.1","7,073.3","12,047.4",12.1,98.6
244,신성대학교,본교,전문대학,전문대학,사립,충남,"1,135",947,90,"2,700",4.1,93.7,74.0,305,29.67,68.18,66.67,54.9,"4,016,939.4","6,702.9","13,106.9",35.6,75.4
245,신안산대학교,본교,전문대학,전문대학,사립,경기,"1,312",928,67,"2,736",5.9,83.9,63.4,"1,340",32.31,64.42,51.94,55.1,"3,962,324.4","7,167.5","13,648.6",0.0,63.7
246,신한대학교,제2캠퍼스,대학,대학교,사립,경기,"1,315","1,175",152,"5,786",11.3,100.0,68.5,"1,127",32.71,65.24,56.51,68.7,"4,320,883.2","9,103.9",0.0,5.1,0.0
247,신한대학교,본교,대학,대학교,사립,경기,90,345,65,693,23.0,100.0,68.3,10,16.6,120.37,58.56,80.0,"5,029,864.8","9,525.1","13,099.0",72.2,79.9
248,신흥대학교,본교,전문대학,전문대학,사립,경기,0,0,0,0,0.0,0.0,0.0,0,0.0,0.0,0.0,0.0,0.0,0.0,0.0,0.0,0.0
249,아신대학교,본교,대학,대학교,사립,경기,130,84,36,236,0.8,38.5,0.0,2,43.0,58.06,90.0,67.4,"5,802,986.0","6,900.0","11,957.7",42.9,160.5
250,아주대학교,본교,대학,대학교,사립,경기,"2,083","2,127",747,"10,194",17.5,100.3,70.4,"2,411",18.72,111.99,95.04,64.2,"3,689,585.4","8,794.9","28,977.8",30.0,82.8
251,아주자동차대학교,본교,전문대학,전문대학,사립,충남,390,358,24,912,2.2,87.3,73.1,748,27.5,72.73,52.17,55.5,"1,913,131.7","7,000.5","16,272.2",83.8,65.5
252,안동과학대학교,본교,전문대학,전문대학,사립,경북,654,686,71,"2,014",3.1,90.5,78.6,35,27.27,72.45,71.0,47.2,"4,107,408.5","5,916.7","13,449.8",52.4,70.7
253,안산대학교,본교,전문대학,전문대학,사립,경기,"1,437","1,526",118,"4,611",10.6,99.0,73.4,328,34.1,60.82,53.64,50.3,"3,876,522.3","6,413.9","13,062.2",10.0,49.0
254,안양대학교,제2캠퍼스,대학,대학교,사립,인천,140,49,23,300,7.6,100.0,51.0,0,25.74,74.19,143.75,74.0,"4,547,949.7","8,845.8",0.0,77.5,0.0
255,안양대학교,본교,대학,대학교,사립,경기,986,953,142,"4,353",11.7,100.4,65.5,16,35.92,61.21,61.21,66.9,"4,024,950.2","8,024.9","13,092.2",6.9,95.6
256,여주대학교,본교,전문대학,전문대학,사립,경기,"1,291","1,273",127,"2,744",5.6,73.0,77.3,281,27.94,72.16,92.7,60.1,"3,949,695.9","7,370.2","12,912.4",34.1,60.8
257,연성대학교,본교,전문대학,전문대학,사립,경기,"2,226","1,984",154,"5,959",10.7,99.8,72.6,201,36.76,57.46,55.8,53.1,"4,230,142.9","6,872.5","12,448.3",6.9,41.0
258,연세대학교,본교,대학,대학교,사립,서울,"3,555","4,461","1,820","21,005",11.5,101.5,71.6,"4,740",16.5,121.66,98.75,53.3,"3,795,230.6","9,437.7","39,659.6",35.2,90.5
259,연세대학교(미래),분교,대학,대학교,사립,강원,"1,416","1,573",410,"6,931",9.1,99.9,69.4,622,17.0,117.14,97.62,57.6,"3,898,391.6","9,063.3","26,981.0",60.6,79.6
260,연암공과대학교,본교,전문대학,전문대학,사립,경남,496,460,36,"1,102",5.8,100.0,80.5,0,29.44,67.92,64.29,56.0,"3,918,399.6","5,568.1","19,409.1",50.4,59.3
261,연암대학교,본교,전문대학,전문대학,사립,충남,483,516,31,"1,119",4.0,100.0,80.2,1,31.16,63.27,55.36,50.1,"5,038,493.8","6,283.9","43,282.7",34.9,65.8
262,영남대학교,본교,대학,대학교,사립,경북,"4,661","4,666",896,"20,623",6.3,100.0,54.0,"1,439",26.1,80.21,78.87,62.0,"4,444,533.6","7,845.7","17,114.7",14.0,79.2
263,영남신학대학교,본교,대학,대학교,사립,경북,115,74,24,371,1.8,100.0,52.2,27,38.42,64.86,72.73,67.8,"5,782,826.8","6,614.0","11,374.8",68.1,250.6
264,영남외국어대학,본교,전문대학,전문대학,사립,경북,278,191,14,472,1.9,70.9,75.0,0,48.21,45.16,60.87,59.7,"4,677,977.5","5,583.0","7,681.4",0.0,63.0
265,영남이공대학교,본교,전문대학,전문대학,사립,대구,"2,156","2,207",156,"5,864",6.9,100.0,74.7,297,31.82,64.46,55.91,51.7,"4,728,441.3","6,493.3","12,921.0",19.8,41.6
266,영산대학교(양산),제2캠퍼스,대학,대학교,사립,경남,669,554,90,"2,722",4.1,99.7,70.6,98,27.19,78.95,70.87,48.2,"4,625,349.9","7,032.6",0.0,32.3,0.0
267,영산대학교(해운대),본교,대학,대학교,사립,부산,625,737,99,"2,974",3.8,99.8,65.2,842,33.47,63.46,61.11,62.7,"4,036,902.6","7,269.6","12,537.1",22.0,73.0
268,영산선학대학교,본교,대학,대학교,사립,전남,50,4,11,23,0.1,6.0,0.0,2,18.18,137.5,"1,100.0",100.0,"3,526,736.8","2,000.0","66,327.2",655.6,"1,471.6"
269,영진사이버대학교,본교,전문대학,사이버대학(전문대학),사립,대구,"1,300","1,661",20,"3,300",0.8,82.5,74.9,54,130.0,153.85,117.65,40.1,"2,191,067.9","2,427.0","4,576.7",0.0,0.0
270,영진전문대학교,본교,전문대학,전문대학,사립,대구,"2,444","2,665",173,"7,300",5.9,100.0,77.8,714,32.79,62.91,51.18,58.0,"4,711,335.2","6,548.3","13,853.9",16.6,58.8
271,예수대학교,본교,대학,대학교,사립,전북,115,102,20,480,7.4,100.0,72.9,0,24.5,80.0,76.92,76.9,"4,041,265.7","7,273.0","13,773.7",17.9,104.1
272,예원예술대학교,제2캠퍼스,대학,대학교,사립,경기,185,66,18,699,6.8,98.4,62.9,309,33.44,60.0,34.62,59.5,"3,098,433.3","8,828.4",0.0,21.8,0.0
273,예원예술대학교,본교,대학,대학교,사립,전북,46,196,42,537,2.5,97.8,62.7,104,14.24,140.0,127.27,57.7,"2,904,421.1","8,504.8","6,756.0",0.0,30.9
274,오산대학교,본교,전문대학,전문대학,사립,경기,"1,782","1,578",122,"4,227",8.6,94.2,73.0,236,34.08,61.31,60.4,44.3,"3,838,250.7","6,865.5","13,389.8",6.0,44.6
275,용인대학교,본교,대학,대학교,사립,경기,"1,262","1,354",195,"5,326",10.2,99.9,69.7,138,32.05,65.44,66.55,67.1,"4,185,718.6","8,160.7","12,194.2",11.3,72.1
276,용인예술과학대학교,본교,전문대학,전문대학,사립,경기,"1,046",773,107,"2,554",7.1,88.2,65.7,360,27.48,74.31,85.6,54.2,"3,751,289.2","7,224.4","13,914.8",14.1,59.2
277,우석대학교,본교,대학,대학교,사립,전북,"1,487","1,417",248,"6,629",4.9,100.0,69.9,"1,111",28.9,72.51,66.13,68.7,"4,180,852.7","7,287.3","14,848.6",27.8,111.6
278,우송대학교,본교,대학,대학교,사립,대전,"1,993","2,266",334,"9,680",8.6,100.0,68.7,"2,302",25.03,86.53,68.72,53.8,"4,415,549.6","7,593.4","13,075.3",17.6,63.1
279,우송대학교(산업대),본교,대학,산업대학,사립,대전,0,0,0,0,0.0,0.0,0.0,0,0.0,0.0,0.0,0.0,0.0,0.0,0.0,0.0,0.0
280,우송정보대학,본교,전문대학,전문대학,사립,대전,"1,475","1,339",74,"2,904",4.3,97.9,69.2,171,42.24,51.03,55.22,32.6,"4,735,015.1","6,446.9","13,877.0",12.3,57.7
281,울산과학기술원,본교,대학,대학교,특별법법인,울산,400,414,313,"1,893",17.3,104.3,66.7,84,20.66,96.6,115.5,82.2,"7,370,091.1","6,554.2","76,402.4",68.5,71.7
282,울산과학대학교,본교,전문대학,전문대학,사립,울산,"1,628","1,647",132,"5,224",9.5,97.0,76.4,468,35.86,56.47,52.82,56.9,"3,333,786.0","6,498.6","14,211.1",15.1,39.9
283,울산대학교,본교,대학,대학교,사립,울산,"2,737","2,548","1,095","10,606",5.1,99.5,57.9,257,12.44,158.93,168.46,49.4,"3,544,129.7","7,730.2","27,423.5",22.7,58.2
284,웅지세무대학교,본교,전문대학,전문대학,사립,경기,599,166,22,166,0.3,7.2,43.6,21,73.5,33.85,314.29,87.0,"2,715,276.0","6,960.0","14,889.4",84.2,0.0
285,원광대학교,본교,대학,대학교,사립,전북,"2,869","2,808",622,"12,360",5.6,99.8,62.6,132,24.04,77.75,82.38,67.3,"4,138,304.9","7,864.1","17,479.4",27.8,107.8
286,원광디지털대학교,본교,대학,사이버대학(대학),사립,전북,"1,500","1,361",26,"4,931",0.8,53.1,70.0,54,182.23,108.33,100.0,30.1,"1,960,064.2","2,737.1","3,914.0",0.0,1.0
287,원광보건대학교,본교,전문대학,전문대학,사립,전북,"1,281","1,227",114,"3,810",4.8,92.7,75.2,121,31.59,64.04,60.64,55.5,"4,675,450.8","6,546.7","14,742.4",9.2,52.7
288,위덕대학교,본교,대학,대학교,사립,경북,627,536,85,"2,116",3.1,98.0,63.3,93,33.56,65.38,77.98,73.5,"4,779,570.4","7,299.2","14,138.7",23.0,115.8
289,유원대학교,본교,대학,대학교,사립,충북,875,798,111,"4,032",3.0,99.8,66.0,185,30.54,70.7,59.68,54.8,"7,584,137.4","7,202.4","11,822.6",31.5,222.4
290,유한대학교,본교,전문대학,전문대학,사립,경기,"1,695","1,509",123,"4,685",7.8,100.0,71.8,12,35.76,57.48,55.16,53.1,"3,828,721.0","6,547.9","11,557.6",0.0,51.2
291,을지대학교,제3캠퍼스,대학,대학교,사립,경기,192,130,19,707,11.9,100.0,82.7,1,59.89,31.67,31.67,68.9,"4,565,244.9","8,682.1",0.0,24.7,0.0
292,을지대학교,제2캠퍼스,대학,대학교,사립,경기,787,816,107,"3,653",12.3,100.0,79.0,18,30.36,67.72,60.45,68.8,"4,300,242.4","8,838.1",0.0,13.8,0.0
293,을지대학교,본교,대학,대학교,사립,대전,100,0,294,357,13.0,100.0,100.0,2,1.02,"1,088.89",890.91,82.5,"2,041,922.2","10,969.3","21,385.8",39.2,52.2
294,이화여자대학교,본교,대학,대학교,사립,서울,"3,260","3,314",961,"16,452",9.8,99.5,66.0,"2,089",23.15,91.79,82.42,46.0,"3,754,247.1","9,025.9","22,618.2",21.8,78.5
295,인덕대학교,본교,전문대학,전문대학,사립,서울,"2,074","1,960",147,"5,790",7.8,100.0,66.6,162,37.51,55.68,53.85,50.6,"3,790,082.4","6,967.3","10,930.3",0.9,46.1
296,인제대학교,본교,대학,대학교,사립,경남,"1,699","1,689",838,"6,844",5.6,98.7,65.7,893,10.61,182.57,195.34,70.8,"4,625,362.7","7,702.0","22,630.4",25.8,107.1
297,인제대학교,제2캠퍼스,대학,대학교,사립,부산,0,0,0,0,0.0,0.0,0.0,0,0.0,0.0,0.0,0.0,0.0,0.0,0.0,28.7,0.0
298,인천가톨릭대학교,본교,대학,대학교,사립,인천,12,11,20,40,1.1,91.7,0.0,6,5.45,400.0,500.0,69.1,"8,996,345.0","5,446.0","19,976.7",26.1,205.9
299,인천가톨릭대학교,제2캠퍼스,대학,대학교,사립,인천,153,153,27,657,7.5,100.0,67.5,1,31.56,61.36,71.05,50.2,"3,944,810.7","8,842.1",0.0,0.0,0.0
300,인천대학교,본교,대학,대학교,국립대법인,인천,"2,516","2,787",497,"11,247",11.2,100.0,65.0,430,24.32,89.87,82.15,63.2,"3,399,046.1","4,651.9","21,799.9",25.3,108.5
301,인하공업전문대학,본교,전문대학,전문대학,사립,인천,"2,543","2,936",185,"7,068",8.7,100.0,69.2,101,30.91,67.03,55.89,61.7,"4,227,359.9","7,119.2","11,750.1",8.5,32.3
302,인하대학교,본교,대학,대학교,사립,인천,"3,605","3,901",886,"17,830",13.6,99.9,71.5,"1,954",21.43,98.88,81.96,63.0,"3,706,824.7","8,223.8","21,500.3",12.8,77.6
303,장로회신학대학교,본교,대학,대학교,사립,서울,150,163,78,572,3.4,100.0,0.0,5,36.47,66.1,67.83,35.3,"4,780,224.2","7,202.0","12,374.7",32.4,182.0
304,장안대학교,본교,전문대학,전문대학,사립,경기,"1,670",851,104,"2,666",5.3,65.1,65.6,"1,038",35.05,63.03,85.95,61.2,"2,807,953.9","6,614.1","16,047.5",30.8,92.4
305,재능대학교,본교,전문대학,전문대학,사립,인천,"1,279","1,108",91,"2,801",6.0,88.8,72.4,217,31.93,64.54,70.0,49.4,"4,473,699.0","6,982.7","13,273.6",10.0,44.5
306,적십자간호대학,본교,전문대학,전문대학,사립,서울,0,0,0,0,0.0,0.0,0.0,0,0.0,0.0,0.0,0.0,0.0,0.0,0.0,0.0,0.0
307,전남과학대학교,본교,전문대학,전문대학,사립,전남,"1,064","1,193",95,"2,971",1.8,84.3,80.6,141,27.69,71.97,63.76,61.8,"4,394,399.8","5,498.4","14,139.5",17.1,45.0
308,전남대학교,본교,대학,대학교,국립,광주,"3,673","3,565","1,190","16,391",7.4,99.9,58.3,960,18.94,99.0,98.18,59.8,"3,314,028.3","4,192.7","26,483.1",20.5,83.9
309,전남대학교,제2캠퍼스,대학,대학교,국립,전남,812,529,137,"2,808",4.3,99.8,60.0,149,25.5,81.55,96.48,65.3,"3,277,719.7","4,097.4",0.0,33.6,0.0
310,전남도립대학교,본교,전문대학,전문대학,공립,전남,410,413,37,885,2.3,100.0,69.5,2,23.51,86.05,82.22,33.2,"2,390,069.6","1,961.0","19,633.1",33.0,104.7
311,전북과학대학교,본교,전문대학,전문대학,사립,전북,592,559,51,"1,600",2.6,96.1,78.2,171,29.63,68.92,65.38,51.5,"4,727,034.2","5,370.1","13,299.1",33.4,42.9
312,전북대학교,본교,대학,대학교,국립,전북,"4,077","4,014","1,048","17,841",7.4,99.9,62.8,"1,112",20.83,92.83,89.27,54.6,"3,260,915.6","4,447.7","25,076.4",29.0,80.8
313,전주교육대학교,본교,대학,교육대학,국립,전북,285,271,53,"1,019",4.8,100.0,56.6,0,34.15,68.83,100.0,54.2,"1,586,274.8","3,646.0","17,847.1",42.4,234.3
314,전주기전대학,본교,전문대학,전문대학,사립,전북,772,614,54,"1,787",2.1,97.4,65.7,488,36.22,62.79,69.23,49.8,"6,220,967.8","6,600.0","15,874.2",8.5,66.3
315,전주대학교,본교,대학,대학교,사립,전북,"2,512","2,283",328,"10,147",4.7,99.6,61.3,245,35.28,62.19,64.41,71.0,"4,561,376.6","7,323.2","14,387.1",18.0,66.4
316,전주비전대학교,본교,전문대학,전문대학,사립,전북,"1,035","1,189",85,"2,852",5.3,83.0,76.8,840,29.74,67.46,60.71,45.4,"4,372,301.6","6,525.5","15,025.3",18.8,52.9
317,정석대학,본교,대학,기술대학,사립,서울,100,11,0,23,0.1,11.0,100.0,0,0.0,0.0,0.0,0.0,0.0,0.0,"10,220.6",0.0,0.0
318,제주관광대학교,본교,전문대학,전문대학,사립,제주,820,469,58,"1,541",1.9,91.7,77.0,259,34.81,61.7,80.56,50.2,"4,281,741.7","5,465.8","13,122.6",52.2,54.9
319,제주국제대학교,본교,대학,대학교,사립,제주,370,82,33,263,0.1,2.7,71.3,208,60.39,35.87,143.48,62.3,"2,600,315.2","5,824.2","14,605.6",37.0,149.3
320,제주대학교,본교,대학,대학교,국립,제주,"2,235","1,901",648,"9,306",6.5,99.9,64.5,331,17.61,117.42,114.31,65.5,"3,026,141.4","4,028.7","26,311.9",27.5,124.5
321,제주산업정보대학,본교,전문대학,전문대학,사립,제주,0,0,0,0,0.0,0.0,0.0,0,0.0,0.0,0.0,0.0,0.0,0.0,0.0,0.0,0.0
322,제주한라대학교,본교,전문대학,전문대학,사립,제주,"1,484","1,267",122,"3,897",1.5,73.3,73.1,157,35.04,61.0,70.11,56.9,"3,273,145.4","5,454.1","9,946.2",16.7,31.4
323,조선간호대학교,본교,전문대학,전문대학,사립,광주,152,178,20,735,7.4,100.0,75.6,0,28.45,68.97,54.05,63.4,"3,148,369.0","5,312.7","11,663.1",0.0,52.7
324,조선대학교,본교,대학,대학교,사립,광주,"4,354","3,999",741,"17,911",5.7,99.9,57.8,295,27.6,72.22,74.92,72.9,"3,994,019.5","7,477.3","16,566.4",13.0,73.8
325,조선이공대학교,본교,전문대학,전문대학,사립,광주,"1,492","1,170",86,"2,806",3.3,94.2,69.1,212,33.91,60.14,63.7,55.0,"3,965,122.2","5,769.3","15,285.3",10.1,42.9
326,중부대학교,본교,대학,대학교,사립,충남,"1,645","1,646",350,"6,991",7.5,100.1,64.6,971,22.21,99.43,81.59,69.1,"4,270,661.0","7,607.5","10,690.0",22.0,87.0
327,중앙대학교,제2캠퍼스,대학,대학교,사립,경기,"1,168","1,189",149,"4,963",10.6,99.9,64.9,678,37.72,53.41,53.21,33.8,"4,670,472.3","9,165.4",0.0,37.2,0.0
328,중앙대학교,본교,대학,대학교,사립,서울,"3,210","4,079","1,049","18,637",24.3,100.0,71.5,"4,257",19.63,109.16,87.86,66.3,"3,401,875.5","8,363.8","18,532.5",13.0,78.3
329,중앙승가대학교,본교,대학,대학교,사립,경기,120,21,15,53,0.1,10.0,0.0,4,41.0,60.0,250.0,65.3,"4,264,273.3","1,820.0","32,735.8",251.6,650.3
330,중원대학교,본교,대학,대학교,사립,충북,812,791,123,"3,324",1.0,98.6,70.5,172,27.85,75.0,69.89,75.4,"6,064,052.3","7,423.5","14,754.8",62.4,68.4
331,진주교육대학교,본교,대학,교육대학,국립,경남,319,323,68,"1,169",5.4,100.0,58.6,0,30.87,77.27,100.0,66.2,"2,762,501.0","3,778.5","22,209.8",31.7,220.9
332,진주보건대학교,본교,전문대학,전문대학,사립,경남,669,738,70,"2,249",4.0,80.4,76.5,1,32.44,61.95,63.06,52.2,"4,222,304.4","6,508.7","10,561.0",22.3,43.5
333,진주산업대학교(산업대),본교,대학,산업대학,국립,경남,0,0,0,0,0.0,0.0,0.0,0,0.0,0.0,0.0,0.0,0.0,0.0,0.0,0.0,0.0
334,차의과학대학교,본교,대학,대학교,사립,경기,504,504,502,"2,154",7.1,100.0,74.4,29,7.67,221.15,205.74,57.0,"4,669,786.6","7,622.0","44,021.5",22.6,32.6
335,창신대학,본교,전문대학,전문대학,사립,경남,0,0,0,0,0.0,0.0,0.0,0,0.0,0.0,0.0,0.0,0.0,0.0,0.0,0.0,0.0
336,창신대학교,본교,대학,대학교,사립,경남,345,500,73,"1,582",7.4,100.0,69.2,229,23.88,87.95,74.49,62.2,"4,982,737.3","6,752.3","15,688.7",51.6,84.5
337,창원문성대학교,본교,전문대학,전문대학,사립,경남,228,375,39,683,3.1,75.0,66.3,0,20.28,97.5,108.33,58.8,"3,921,724.6","6,319.9","18,843.6",52.4,150.7
338,청강문화산업대학교,본교,전문대학,전문대학,사립,경기,"1,122","1,205",102,"3,756",10.8,100.0,65.3,20,33.0,60.0,53.4,41.2,"4,010,236.5","7,833.7","13,103.8",16.1,52.4
339,청암대학교,본교,전문대학,전문대학,사립,전남,800,708,62,"2,116",2.9,88.8,66.5,135,35.97,56.88,59.05,44.7,"3,948,921.1","6,025.2","14,615.3",8.9,47.1
340,청운대학교,본교,대학,산업대학,사립,충남,962,"1,318",154,"5,135",6.9,98.0,69.2,458,29.75,73.33,56.0,55.7,"5,293,106.3","7,759.0","13,825.4",16.2,120.8
341,청주교육대학교,본교,대학,교육대학,국립,충북,286,288,70,"1,075",6.7,100.0,49.4,0,28.37,82.35,102.94,57.8,"1,749,893.0","3,600.0","18,241.8",41.5,227.5
342,청주대학교,본교,대학,대학교,사립,충북,"2,621","3,146",441,"11,943",6.1,99.9,64.5,"1,952",25.74,83.68,66.32,76.4,"3,919,349.9","8,062.3","13,897.0",20.1,118.8
343,초당대학교,본교,대학,대학교,사립,전남,717,612,88,"2,225",2.7,70.0,72.3,349,34.68,61.11,79.28,76.1,"4,890,641.3","7,018.9","14,217.2",46.6,125.6
344,총신대학교,본교,대학,대학교,사립,서울,307,314,104,"1,398",5.3,100.0,60.7,7,37.69,65.0,64.6,55.4,"4,752,585.9","7,336.1","12,310.2",47.8,224.7
345,추계예술대학교,본교,대학,대학교,사립,서울,250,256,47,"1,113",11.1,100.0,62.1,45,28.91,72.31,71.21,34.7,"3,624,006.4","9,600.7","15,114.3",14.6,107.6
346,춘천교육대학교,본교,대학,교육대학,국립,강원,321,306,75,"1,186",5.2,100.0,62.2,0,30.73,76.53,105.63,70.2,"2,336,057.1","3,494.0","15,755.2",48.2,224.3
347,춘해보건대학교,본교,전문대학,전문대학,사립,울산,654,778,72,"2,652",9.2,91.6,83.3,106,29.97,67.29,54.96,52.3,"3,962,724.8","6,451.3","12,478.7",18.4,40.1
348,충남대학교,본교,대학,대학교,국립,대전,"3,778","3,584","1,059","17,696",10.4,100.9,64.1,674,20.85,94.64,87.02,61.0,"2,594,443.4","4,387.5","23,250.6",24.0,84.8
349,충남도립대학교,본교,전문대학,전문대학,공립,충남,447,366,33,968,3.7,100.0,73.4,4,31.03,66.0,71.74,32.0,"4,077,278.5","2,461.8","23,080.0",77.6,73.6
350,충북대학교,본교,대학,대학교,국립,충북,"3,162","2,988",800,"13,228",11.8,100.1,59.7,826,21.29,94.34,89.79,62.0,"3,010,716.9","4,286.5","24,860.3",25.0,88.3
351,충북도립대학교,본교,전문대학,전문대학,공립,충북,400,306,27,700,2.8,97.3,72.2,43,31.85,62.79,71.43,34.2,"2,851,475.9","1,880.6","31,430.3",47.8,85.8
352,충북보건과학대학교,본교,전문대학,전문대학,사립,충북,977,751,73,"3,098",4.3,94.2,76.0,885,31.38,64.04,49.66,54.1,"4,093,304.5","6,541.2","14,710.9",26.5,52.6
353,충청대학교,본교,전문대학,전문대학,사립,충북,"1,354","1,195",98,"3,148",3.3,90.2,69.0,710,32.97,62.42,63.64,33.4,"3,942,258.6","6,253.3","13,305.2",16.0,59.4
354,칼빈대학교,본교,대학,대학교,사립,경기,90,89,80,"2,159",3.2,100.0,72.7,"1,940",9.19,242.42,68.97,65.6,"1,821,962.4","8,113.1","8,689.1",11.0,93.1
355,탐라대학교,본교,대학,대학교,사립,제주,0,0,0,0,0.0,0.0,0.0,0,0.0,0.0,0.0,0.0,0.0,0.0,0.0,0.0,0.0
356,태재대학교,본교,대학,사이버대학(대학),사립,서울,100,0,9,46,1.9,0.0,0.0,13,33.33,450.0,900.0,59.1,0.0,0.0,0.0,0.0,0.0
357,평택대학교,본교,대학,대학교,사립,경기,833,701,120,"3,006",8.8,100.0,59.8,149,33.58,66.67,73.62,67.3,"4,225,281.6","7,952.5","13,339.0",30.5,130.0
358,포항공과대학교,본교,대학,대학교,사립,경북,320,284,284,"1,477",9.5,98.8,75.8,47,17.88,111.37,120.85,65.8,"7,823,776.1","5,613.5","132,731.4",91.8,111.6
359,포항대학교,본교,전문대학,전문대학,사립,경북,695,547,48,"1,423",2.3,81.2,71.5,149,36.13,56.47,69.57,50.0,"4,932,547.6","6,395.1","13,294.1",35.0,70.7
360,한경국립대학교,본교,대학,대학교,국립,경기,"1,271","1,119",256,"5,402",7.2,100.0,67.7,245,21.5,95.88,90.14,64.1,"3,228,257.6","4,020.5","19,962.9",27.1,94.3
361,한국골프과학기술대학교,본교,전문대학,전문대학,사립,강원,160,148,15,465,1.9,100.0,65.8,2,30.67,65.22,62.5,61.4,"5,391,703.8","7,922.0","12,056.9",54.0,40.3
362,한국공학대학교,본교,대학,대학교,사립,경기,"1,410","1,639",262,"7,596",8.7,100.1,66.6,529,23.54,86.42,73.73,69.4,"3,764,097.5","9,450.4","18,690.1",36.4,30.3
363,한국과학기술원,본교,대학,대학교,특별법법인,대전,970,716,716,"4,008",10.2,101.2,70.3,481,18.77,107.72,88.23,68.7,"7,275,048.8","6,866.0","95,024.1",56.4,84.4
364,한국관광대학교,본교,전문대학,전문대학,사립,경기,902,477,48,"1,209",6.1,66.0,71.2,5,37.58,60.0,84.21,68.7,"4,412,209.1","6,621.5","16,405.3",52.3,92.0
365,한국교원대학교,본교,대학,대학교,국립,충북,546,533,209,"2,342",5.7,99.4,59.3,2,34.95,64.71,72.07,54.7,"2,806,553.1","3,350.4","17,967.6",74.9,127.5
366,한국기술교육대학교,본교,대학,대학교,사립,충남,836,840,184,"4,157",8.1,100.0,80.1,75,22.17,93.4,85.58,44.3,"3,899,819.3","4,475.3","46,081.1",55.7,97.3
367,한국농수산대학교,본교,전문대학,전문대학,특별법국립,전북,570,611,52,"1,550",3.1,93.0,82.2,3,32.88,60.47,66.67,75.0,"110,087.4",0.0,"24,373.2",78.2,44.5
368,한국방송통신대학교,본교,대학,방송통신대학,국립,서울,"51,970","21,474",170,"92,953",0.2,17.2,74.3,432,"1,267.65",1.85,4.3,85.0,"263,050.6",761.7,"1,289.9",0.0,10.3
369,한국복지대학교,본교,전문대학,전문대학,국립,경기,0,246,0,155,0.0,0.0,74.0,1,0.0,0.0,0.0,64.1,"3,042,148.4","2,714.0",0.0,0.0,0.0
370,한국복지사이버대학교,본교,전문대학,사이버대학(전문대학),사립,경북,"1,000",932,11,"2,329",1.2,90.1,75.3,4,166.67,120.0,92.31,29.4,"2,176,102.5","1,710.0","3,779.6",0.0,5.0
371,한국성서대학교,본교,대학,대학교,사립,서울,228,203,41,972,5.4,100.0,67.4,113,29.32,77.36,75.93,66.8,"4,770,689.5","7,490.7","14,957.6",17.2,143.6
372,한국승강기대학교,본교,전문대학,전문대학,사립,경남,297,245,20,"1,872",1.0,96.3,80.1,57,29.7,64.52,21.51,51.5,"4,955,899.7","6,293.7","22,651.3",151.2,42.2
373,한국에너지공과대학교,본교,대학,대학교,특별법법인,전남,100,0,49,301,20.4,97.0,0.0,0,30.82,64.47,181.48,72.4,"16,833,122.4","9,000.0","184,342.1",128.7,86.2
374,한국열린사이버대학교,본교,대학,사이버대학(대학),사립,서울,"1,000","1,848",26,"5,723",1.6,96.6,74.9,30,111.54,173.33,89.66,26.0,"2,001,048.3","2,349.1","7,095.0",0.0,0.7
375,한국영상대학교,본교,전문대학,전문대학,사립,세종,"1,089",983,85,"2,953",4.0,92.4,74.1,101,37.45,53.13,57.05,61.3,"4,294,445.3","6,706.4","13,325.4",34.5,47.6
376,한국예술종합학교,본교,대학,각종학교(대학),특별법국립,서울,558,515,130,"2,787",24.8,96.1,61.4,86,18.16,109.73,88.57,22.9,"2,079,415.3","4,806.5","31,165.8",5.9,135.5
377,한국외국어대학교,본교,대학,대학교,사립,서울,"3,475","3,795",612,"17,101",14.3,99.9,65.2,"2,949",29.98,80.0,71.0,46.5,"3,042,767.1","7,594.2","12,702.9",18.5,109.6
378,한국전통문화대학교,본교,대학,대학교,특별법국립,충남,140,139,37,583,6.2,100.0,63.0,4,30.03,69.81,69.81,30.5,"3,584,136.6","3,382.4","44,738.2",87.9,344.2
379,한국체육대학교,본교,대학,대학교,국립,서울,535,566,118,"2,339",5.9,99.8,78.6,11,25.76,77.63,73.75,60.8,"2,780,981.6","3,860.1","17,052.6",37.0,56.5
380,한국침례신학대학교,본교,대학,대학교,사립,대전,204,223,55,677,1.4,100.0,53.9,4,36.31,66.27,80.88,58.5,"7,523,936.3","6,032.2","12,482.1",46.4,181.5
381,한국폴리텍 I 대학 서울강서캠퍼스,본교,전문대학,기능대학,사립,서울,255,172,31,440,1.7,82.0,79.0,0,18.21,107.69,133.33,64.8,"1,237,057.4","2,494.0","9,156.9",0.0,17.5
382,한국폴리텍 I 대학 서울정수캠퍼스,본교,전문대학,기능대학,사립,서울,485,439,67,"1,051",2.5,90.9,79.6,5,14.93,131.37,142.55,76.4,"1,406,018.4","2,494.0","15,696.8",13.6,12.7
383,한국폴리텍 I 대학 성남캠퍼스,본교,전문대학,기능대학,사립,경기,335,205,55,558,1.8,83.3,75.9,9,12.75,154.55,188.89,75.8,"1,163,088.0","2,432.0","19,870.9",48.6,20.5
384,한국폴리텍 I 대학 제주캠퍼스,본교,전문대학,기능대학,사립,제주,25,24,5,52,1.0,100.0,64.3,1,12.5,133.33,133.33,65.6,"1,345,557.7","2,164.0","38,744.9",215.4,172.1
385,한국폴리텍 II 대학 남인천캠퍼스,본교,전문대학,기능대학,사립,인천,25,45,8,85,2.0,84.0,84.2,2,7.14,233.33,233.33,69.3,"900,666.7","2,494.0","46,019.2",88.9,52.6
386,한국폴리텍 II 대학 인천캠퍼스,본교,전문대학,기능대학,사립,인천,690,622,71,"1,342",1.9,82.6,78.1,13,22.4,87.5,98.44,67.5,"1,517,276.3","2,494.0","11,367.9",15.7,12.9
387,한국폴리텍 II 대학 화성캠퍼스,본교,전문대학,기능대학,사립,경기,0,16,3,22,0.0,0.0,80.0,1,0.0,0.0,0.0,60.9,0.0,0.0,"102,908.9",0.0,100.8
388,한국폴리텍 III 대학 강릉캠퍼스,본교,전문대학,기능대학,사립,강원,55,46,8,106,1.7,100.0,92.5,0,16.43,116.67,116.67,62.1,"1,674,109.7","2,527.2","37,947.4",88.2,53.9
389,한국폴리텍 III 대학 원주캠퍼스,본교,전문대학,기능대학,사립,강원,50,50,8,113,2.0,86.0,93.5,3,13.75,133.33,200.0,56.3,"1,369,018.7","2,174.0","20,958.7",210.3,45.9
390,한국폴리텍 III 대학 춘천캠퍼스,본교,전문대학,기능대학,사립,강원,150,98,25,213,1.5,66.0,81.8,0,11.96,164.29,209.09,66.3,"1,660,083.3","2,432.0","37,379.0",95.2,56.0
391,한국폴리텍 IV 대학 대전캠퍼스,본교,전문대학,기능대학,사립,대전,330,304,46,628,1.7,83.3,79.2,4,14.3,138.71,143.33,70.4,"1,496,560.0","2,432.0","15,043.6",53.9,10.8
392,한국폴리텍 IV 대학 아산캠퍼스,본교,전문대학,기능대학,사립,충남,215,173,32,388,1.4,69.9,80.2,7,13.23,147.62,182.35,68.3,"1,457,841.0","2,432.0","26,045.2",94.0,32.4
393,한국폴리텍 IV 대학 청주캠퍼스,본교,전문대학,기능대학,사립,충북,285,297,31,654,1.9,95.8,82.5,1,19.17,103.45,100.0,67.3,"1,355,799.4","2,432.0","10,770.4",28.2,13.8
394,한국폴리텍 IV 대학 충남캠퍼스,본교,전문대학,기능대학,사립,충남,105,66,16,189,0.9,85.7,83.3,1,14.0,136.36,150.0,66.3,"1,490,179.6","2,164.0","13,702.4",128.5,31.7
395,한국폴리텍 V 대학 광주캠퍼스,본교,전문대학,기능대학,사립,광주,340,381,50,771,2.3,96.8,84.4,1,14.47,138.24,127.03,68.2,"1,552,729.8","2,432.0","10,504.0",68.7,18.7
396,한국폴리텍 V 대학 순천캠퍼스,본교,전문대학,기능대학,사립,전남,0,3,0,0,0.0,0.0,80.0,0,0.0,0.0,0.0,100.0,0.0,0.0,"1,190,922.8",0.0,683.4
397,한국폴리텍 V 대학 익산캠퍼스,본교,전문대학,기능대학,사립,전북,50,40,12,105,1.5,76.0,86.9,1,11.89,150.0,225.0,73.6,"1,187,268.0","2,432.0","36,140.6",239.4,40.6
398,한국폴리텍 V 대학 전남캠퍼스,본교,전문대학,기능대학,사립,전남,75,61,10,123,1.7,89.3,84.8,0,16.67,112.5,150.0,66.4,"1,629,410.4","2,164.0","15,519.5",206.3,31.7
399,한국폴리텍 V 대학 전북캠퍼스,본교,전문대학,기능대학,사립,전북,180,178,21,359,1.6,90.0,66.1,0,17.38,110.53,131.25,59.7,"1,517,786.3","2,321.0","7,708.7",142.7,15.4
400,한국폴리텍 VI 대학 구미캠퍼스,본교,전문대학,기능대학,사립,경북,235,238,32,500,1.5,94.0,81.3,2,15.67,125.0,125.0,79.7,"1,703,705.3","2,432.0","5,475.6",65.4,16.0
401,한국폴리텍 VI 대학 대구캠퍼스,본교,전문대학,기능대학,사립,대구,275,211,36,442,1.4,79.3,77.6,0,16.21,122.22,143.48,68.9,"1,670,570.7","2,432.0","25,426.5",59.5,23.0
402,한국폴리텍 VI 대학 영남융합기술캠퍼스,본교,전문대학,기능대학,사립,대구,110,76,21,172,1.5,69.1,80.6,0,13.42,135.71,271.43,67.3,"1,509,807.0","2,432.0","16,292.9",193.1,52.0
403,한국폴리텍 VI 대학 영주캠퍼스,본교,전문대학,기능대학,사립,경북,25,22,3,52,1.0,100.0,86.2,0,25.0,66.67,66.67,53.5,"1,929,125.0","2,164.0","67,937.5",512.0,84.0
404,한국폴리텍 VII 대학 동부산캠퍼스,본교,전문대학,기능대학,사립,부산,0,9,7,5,0.0,0.0,0.0,0,0.0,0.0,0.0,100.0,0.0,0.0,"180,707.7",0.0,279.6
405,한국폴리텍 VII 대학 부산캠퍼스,본교,전문대학,기능대학,사립,부산,320,288,46,650,1.6,83.8,77.6,0,14.77,133.33,141.94,76.8,"1,773,249.7","2,432.0","12,233.6",60.3,20.0
406,한국폴리텍 VII 대학 울산캠퍼스,본교,전문대학,기능대학,사립,울산,280,300,32,629,2.2,100.0,80.5,2,17.66,110.34,100.0,64.7,"1,448,939.8","2,432.0","10,282.5",31.3,16.4
407,한국폴리텍 VII 대학 진주캠퍼스,본교,전문대학,기능대학,사립,경남,0,3,0,0,0.0,0.0,0.0,0,0.0,0.0,0.0,100.0,0.0,0.0,"1,150,093.1",0.0,270.7
408,한국폴리텍 VII 대학 창원캠퍼스,본교,전문대학,기능대학,사립,경남,540,620,62,"1,413",3.2,100.0,83.8,0,18.75,105.26,90.91,69.3,"1,596,377.3","2,432.0","14,963.8",43.7,59.5
409,한국폴리텍 특성화대학 로봇캠퍼스,본교,전문대학,기능대학,사립,경북,100,65,13,136,1.2,66.0,83.3,0,16.67,120.0,171.43,76.6,"1,783,848.7","2,164.0","9,134.6",102.9,23.3
410,한국폴리텍 특성화대학 바이오캠퍼스,본교,전문대학,기능대학,사립,충남,160,145,29,283,1.4,74.4,84.5,0,15.24,131.25,140.0,76.7,"1,602,096.8","2,595.0","16,966.2",120.9,17.4
411,한국폴리텍 특성화대학 반도체융합캠퍼스,본교,전문대학,기능대학,사립,경기,275,179,29,370,1.2,59.6,75.1,5,21.37,93.1,158.82,64.5,"1,286,369.6","2,432.0","28,999.4",104.9,3.5
412,한국폴리텍 특성화대학 항공캠퍼스,본교,전문대학,기능대학,사립,경남,155,134,18,248,1.8,76.3,76.3,1,20.29,94.44,141.67,61.6,"1,494,721.4","2,433.7","7,809.4",126.5,18.5
413,한국항공대학교,본교,대학,대학교,사립,경기,827,869,168,"4,255",13.5,100.2,70.4,194,25.03,82.35,66.93,76.9,"3,891,982.4","8,935.5","23,605.4",16.9,69.8
414,한남대학교,본교,대학,대학교,사립,대전,"2,715","2,244",385,"11,608",5.1,100.0,64.3,"1,599",31.66,70.64,66.27,72.6,"4,213,063.1","7,657.1","13,236.9",13.1,80.3
415,한동대학교,본교,대학,대학교,사립,경북,729,827,146,"3,876",4.8,100.0,67.6,177,25.17,89.57,74.49,66.8,"4,693,361.8","7,471.7","22,387.7",79.7,73.6
416,한라대학교,본교,대학,대학교,사립,강원,867,707,109,"3,128",5.2,98.0,64.2,196,31.49,67.7,74.66,68.6,"4,139,470.4","7,532.1","13,448.8",19.6,85.2
417,한려대학교,본교,대학,대학교,사립,전남,0,0,0,0,0.0,0.0,0.0,0,0.0,0.0,0.0,0.0,0.0,0.0,0.0,0.0,0.0
418,한림대학교,본교,대학,대학교,사립,강원,"1,849","1,582",705,"7,575",5.4,99.9,64.1,168,12.2,159.86,165.88,66.6,"4,007,636.0","7,971.5","31,846.5",35.7,95.1
419,한림성심대학교,본교,전문대학,전문대학,사립,강원,786,893,70,"2,443",5.4,94.3,73.7,3,31.66,64.22,58.33,56.9,"4,202,288.1","6,057.8","12,832.6",14.8,62.7
420,한밭대학교(산업대),본교,대학,산업대학,국립,대전,0,0,0,0,0.0,0.0,0.0,0,0.0,0.0,0.0,0.0,0.0,0.0,0.0,0.0,0.0
421,한서대학교,본교,대학,대학교,사립,충남,"1,529","1,403",229,"6,117",7.4,99.9,69.6,205,29.56,70.46,70.68,72.3,"4,326,408.8","8,366.2","17,092.8",30.0,107.8
422,한성대학교,본교,대학,대학교,사립,서울,"1,498","1,580",282,"7,011",10.4,100.0,66.8,506,25.41,87.31,73.06,68.0,"3,908,650.2","7,793.2","13,126.2",10.4,97.2
423,한세대학교,본교,대학,대학교,사립,경기,566,588,100,"2,509",11.7,99.8,73.5,22,35.59,62.89,64.52,48.3,"4,313,203.0","8,598.5","13,445.2",13.0,130.3
424,한신대학교,본교,대학,대학교,사립,경기,"1,193","1,141",175,"5,172",6.9,100.0,59.8,237,31.15,74.79,71.14,66.9,"3,660,014.7","7,641.3","12,240.7",14.1,94.1
425,한양대학교,본교,대학,대학교,사립,서울,"2,906","3,359","1,141","16,432",22.0,99.3,71.8,"3,988",19.6,105.65,86.18,64.4,"3,792,281.1","9,016.3","27,922.5",11.2,73.7
426,한양대학교(ERICA),분교,대학,대학교,사립,경기,"2,019","2,260",415,"10,890",14.9,99.8,67.3,"2,503",23.66,88.87,65.77,58.6,"4,313,001.1","9,004.8","24,554.8",24.5,85.5
427,한양사이버대학교,본교,대학,사이버대학(대학),사립,서울,"3,440","4,227",79,"16,640",1.2,81.9,81.2,151,158.61,125.4,88.76,62.5,"1,636,434.0","2,939.1","3,300.9",0.0,0.0
428,한양여자대학교,본교,전문대학,전문대학,사립,서울,"2,291","2,542",175,"6,503",11.0,100.0,66.2,47,34.1,62.28,57.76,48.5,"3,647,364.7","6,549.0","11,051.5",0.5,43.0
429,한영대학교,본교,전문대학,전문대학,사립,전남,512,565,39,"1,392",2.1,98.4,73.3,137,30.0,67.24,57.35,53.8,"3,077,111.2","6,019.3","12,348.6",0.0,33.8
430,한일장신대학교,본교,대학,대학교,사립,전북,219,153,37,699,1.5,60.3,69.9,276,35.95,60.66,86.05,58.9,"5,272,170.4","6,810.2","12,179.3",8.4,221.9
431,한중대학교,본교,대학,대학교,사립,강원,0,0,0,0,0.0,0.0,0.0,0,0.0,0.0,0.0,0.0,0.0,0.0,0.0,0.0,0.0
432,협성대학교,본교,대학,대학교,사립,경기,"1,004",855,128,"3,773",8.3,100.0,61.8,98,35.69,63.68,72.73,64.3,"3,683,617.2","7,896.9","13,157.6",12.4,109.5
433,혜전대학교,본교,전문대학,전문대학,사립,충남,882,904,80,"2,943",6.4,95.9,76.6,"1,244",31.1,65.57,57.55,43.7,"4,094,732.0","6,133.0","12,177.5",19.6,78.6
434,호남대학교,본교,대학,대학교,사립,광주,"1,537","2,274",243,"6,223",5.2,95.9,65.3,"1,118",28.71,73.86,67.5,87.8,"4,189,360.4","6,581.1","11,644.0",25.0,102.1
435,호남신학대학교,본교,대학,대학교,사립,광주,119,92,32,396,1.2,100.0,49.2,2,35.91,65.31,88.89,42.8,"5,832,070.1","6,938.6","10,461.6",41.5,302.9
436,호산대학교,본교,전문대학,전문대학,사립,경북,676,685,57,"2,479",4.1,100.0,71.7,628,32.44,64.04,49.14,41.5,"3,439,049.0","6,005.0","10,577.9",12.8,45.1
437,호서대학교,본교,대학,대학교,사립,충남,"2,881","2,829",432,"11,923",6.6,100.0,65.7,504,32.35,66.06,62.97,69.7,"4,067,580.5","8,164.9","15,114.8",24.9,77.5
438,호원대학교,본교,대학,산업대학,사립,전북,"1,026","1,182",141,"5,013",10.2,97.0,75.0,689,30.33,68.12,59.0,39.5,"4,637,523.4","7,269.3","12,518.0",39.9,92.3
439,홍익대학교,제2캠퍼스,대학,대학교,사립,세종,"1,330","1,220",193,"5,518",6.8,99.9,63.7,86,28.8,72.01,69.18,67.4,"4,809,185.7","8,975.8",0.0,20.9,0.0
440,홍익대학교,본교,대학,대학교,사립,서울,"2,371","2,708",532,"12,368",17.9,99.8,65.5,"1,394",27.79,75.35,62.96,65.0,"4,181,701.7","8,836.7","13,468.1",13.3,84.0
441,화성의과학대학교,본교,대학,대학교,사립,경기,282,76,31,533,5.6,81.3,71.1,1,31.74,67.39,119.23,57.3,"1,067,720.3","7,704.1","13,140.4",73.3,33.2
442,화신사이버대학교,본교,대학,사이버대학(대학),사립,부산,568,539,11,"2,093",1.5,100.0,69.3,4,176.22,112.5,100.0,37.5,"3,195,170.8","2,527.1","5,356.8",0.0,14.1
